,Date,Location,Temperature (C),Min_Temperature (C),Max_Temperature (C),Wind_Speed (m/s),Wind Direction (Â°),Humidity (%),Pressure (hPa),Cloud (%),Today_Rain,Tomorrow_Rain
0,2023-09-13 15:00:00,London,19.960000000000036,19.960000000000036,21.49000000000001,1.45,44,56,1021,66,0,0
1,2023-09-13 18:00:00,London,19.28000000000003,19.28000000000003,19.32000000000005,2.06,97,53,1021,65,0,0
2,2023-09-13 21:00:00,London,16.77000000000004,16.77000000000004,16.77000000000004,2.9,137,64,1022,56,0,0
3,2023-09-14 00:00:00,London,15.740000000000009,15.740000000000009,15.740000000000009,2.7,181,72,1022,58,0,0
4,2023-09-14 03:00:00,London,14.990000000000009,14.990000000000009,14.990000000000009,1.9,210,78,1022,96,0,0
5,2023-09-14 06:00:00,London,14.520000000000039,14.520000000000039,14.520000000000039,1.68,226,79,1022,95,0,0
6,2023-09-14 09:00:00,London,18.110000000000014,18.110000000000014,18.110000000000014,2.3,233,60,1022,81,0,0
7,2023-09-14 12:00:00,London,22.05000000000001,22.05000000000001,22.05000000000001,1.96,227,43,1021,85,0,0
8,2023-09-14 15:00:00,London,23.53000000000003,23.53000000000003,23.53000000000003,2.51,210,42,1019,70,0,0
9,2023-09-14 18:00:00,London,20.810000000000002,20.810000000000002,20.810000000000002,3.39,204,54,1019,65,0,0
10,2023-09-14 21:00:00,London,18.260000000000048,18.260000000000048,18.260000000000048,1.47,188,65,1019,15,0,0
11,2023-09-15 00:00:00,London,16.810000000000002,16.810000000000002,16.810000000000002,1.86,143,67,1018,11,0,0
12,2023-09-15 03:00:00,London,15.870000000000005,15.870000000000005,15.870000000000005,1.49,119,70,1016,6,0,0
13,2023-09-15 06:00:00,London,15.330000000000041,15.330000000000041,15.330000000000041,2.09,126,78,1016,7,0,0
14,2023-09-15 09:00:00,London,20.160000000000025,20.160000000000025,20.160000000000025,3.16,132,55,1015,6,0,0
15,2023-09-15 12:00:00,London,24.05000000000001,24.05000000000001,24.05000000000001,3.02,149,43,1013,3,0,0
16,2023-09-15 15:00:00,London,24.629999999999995,24.629999999999995,24.629999999999995,4.21,153,40,1012,0,0,0
17,2023-09-15 18:00:00,London,21.890000000000043,21.890000000000043,21.890000000000043,2.54,127,50,1012,0,0,0
18,2023-09-15 21:00:00,London,19.410000000000025,19.410000000000025,19.410000000000025,2.42,87,63,1012,1,0,0
19,2023-09-16 00:00:00,London,18.33000000000004,18.33000000000004,18.33000000000004,1.89,78,70,1012,3,0,1
20,2023-09-16 03:00:00,London,17.77000000000004,17.77000000000004,17.77000000000004,2.18,96,68,1011,11,0,1
21,2023-09-16 06:00:00,London,17.200000000000045,17.200000000000045,17.200000000000045,2.29,84,70,1012,8,0,1
22,2023-09-16 09:00:00,London,22.629999999999995,22.629999999999995,22.629999999999995,3.7,85,53,1012,29,0,1
23,2023-09-16 12:00:00,London,25.810000000000002,25.810000000000002,25.810000000000002,4.94,94,38,1012,63,0,1
24,2023-09-16 15:00:00,London,24.700000000000045,24.700000000000045,24.700000000000045,5.07,90,42,1011,94,0,1
25,2023-09-16 18:00:00,London,21.82000000000005,21.82000000000005,21.82000000000005,4.47,77,56,1012,97,0,0
26,2023-09-16 21:00:00,London,20.03000000000003,20.03000000000003,20.03000000000003,4.37,73,64,1012,100,0,1
27,2023-09-17 00:00:00,London,19.32000000000005,19.32000000000005,19.32000000000005,4.02,73,72,1010,100,1,1
28,2023-09-17 03:00:00,London,18.28000000000003,18.28000000000003,18.28000000000003,3.63,72,91,1009,100,1,1
29,2023-09-17 06:00:00,London,18.05000000000001,18.05000000000001,18.05000000000001,3.69,87,92,1008,100,1,0
30,2023-09-17 09:00:00,London,18.930000000000007,18.930000000000007,18.930000000000007,2.05,180,88,1008,100,1,0
31,2023-09-17 12:00:00,London,20.180000000000007,20.180000000000007,20.180000000000007,1.63,134,83,1007,100,1,1
32,2023-09-17 15:00:00,London,23.100000000000023,23.100000000000023,23.100000000000023,4.01,142,67,1006,100,1,0
33,2023-09-17 18:00:00,London,21.379999999999995,21.379999999999995,21.379999999999995,3.06,123,76,1004,64,0,0
34,2023-09-17 21:00:00,London,20.260000000000048,20.260000000000048,20.260000000000048,3.34,125,81,1002,100,1,0
35,2023-09-18 00:00:00,London,18.25,18.25,18.25,3.89,207,80,1001,100,1,0
36,2023-09-18 03:00:00,London,16.29000000000002,16.29000000000002,16.29000000000002,2.78,213,81,1000,100,1,0
37,2023-09-18 06:00:00,London,15.28000000000003,15.28000000000003,15.28000000000003,2.87,202,82,999,100,0,0
38,2023-09-18 09:00:00,London,18.180000000000007,18.180000000000007,18.180000000000007,3.79,207,64,999,49,0,0
39,2023-09-18 12:00:00,London,19.460000000000036,19.460000000000036,19.460000000000036,6.16,217,60,998,69,1,0
40,2023-09-13 15:00:00,Paris,21.33000000000004,21.33000000000004,23.460000000000036,0.62,255,74,1020,75,0,0
41,2023-09-13 18:00:00,Paris,21.680000000000007,21.680000000000007,22.370000000000005,1.23,58,65,1020,71,0,0
42,2023-09-13 21:00:00,Paris,20.060000000000002,19.420000000000016,20.060000000000002,3.43,72,68,1021,66,0,0
43,2023-09-14 00:00:00,Paris,18.060000000000002,18.060000000000002,18.060000000000002,2.28,63,70,1021,31,0,0
44,2023-09-14 03:00:00,Paris,16.78000000000003,16.78000000000003,16.78000000000003,1.59,71,75,1021,30,0,0
45,2023-09-14 06:00:00,Paris,15.850000000000023,15.850000000000023,15.850000000000023,1.75,65,75,1022,30,0,0
46,2023-09-14 09:00:00,Paris,18.910000000000025,18.910000000000025,18.910000000000025,2.33,86,59,1022,80,0,0
47,2023-09-14 12:00:00,Paris,23.310000000000002,23.310000000000002,23.310000000000002,1.74,102,43,1021,82,0,0
48,2023-09-14 15:00:00,Paris,24.890000000000043,24.890000000000043,24.890000000000043,1.36,85,36,1019,8,0,0
49,2023-09-14 18:00:00,Paris,21.960000000000036,21.960000000000036,21.960000000000036,3.1,61,47,1018,4,0,0
50,2023-09-14 21:00:00,Paris,19.24000000000001,19.24000000000001,19.24000000000001,2.75,72,54,1018,0,0,0
51,2023-09-15 00:00:00,Paris,17.75,17.75,17.75,1.96,67,57,1018,0,0,0
52,2023-09-15 03:00:00,Paris,16.730000000000018,16.730000000000018,16.730000000000018,1.28,87,62,1016,3,0,0
53,2023-09-15 06:00:00,Paris,16.600000000000023,16.600000000000023,16.600000000000023,1.4,92,61,1016,5,0,0
54,2023-09-15 09:00:00,Paris,21.860000000000014,21.860000000000014,21.860000000000014,2.91,116,46,1015,6,0,0
55,2023-09-15 12:00:00,Paris,26.510000000000048,26.510000000000048,26.510000000000048,3.11,147,37,1013,4,0,0
56,2023-09-15 15:00:00,Paris,28.210000000000036,28.210000000000036,28.210000000000036,2.39,139,30,1011,0,0,0
57,2023-09-15 18:00:00,Paris,24.840000000000032,24.840000000000032,24.840000000000032,2.1,72,38,1011,0,0,1
58,2023-09-15 21:00:00,Paris,21.950000000000045,21.950000000000045,21.950000000000045,2.83,80,49,1011,30,0,1
59,2023-09-16 00:00:00,Paris,20.29000000000002,20.29000000000002,20.29000000000002,1.55,61,53,1011,52,0,0
60,2023-09-16 03:00:00,Paris,19.350000000000023,19.350000000000023,19.350000000000023,1.29,71,59,1010,76,0,0
61,2023-09-16 06:00:00,Paris,19.28000000000003,19.28000000000003,19.28000000000003,1.22,95,58,1010,50,0,1
62,2023-09-16 09:00:00,Paris,24.310000000000002,24.310000000000002,24.310000000000002,2.18,149,42,1011,8,0,1
63,2023-09-16 12:00:00,Paris,28.49000000000001,28.49000000000001,28.49000000000001,2.14,165,38,1011,9,0,0
64,2023-09-16 15:00:00,Paris,29.78000000000003,29.78000000000003,29.78000000000003,2.77,137,34,1009,54,0,0
65,2023-09-16 18:00:00,Paris,24.879999999999995,24.879999999999995,24.879999999999995,3.39,174,51,1010,77,1,1
66,2023-09-16 21:00:00,Paris,23.620000000000005,23.620000000000005,23.620000000000005,2.2,136,56,1010,100,1,1
67,2023-09-17 00:00:00,Paris,21.660000000000025,21.660000000000025,21.660000000000025,2.84,117,72,1009,88,0,1
68,2023-09-17 03:00:00,Paris,20.840000000000032,20.840000000000032,20.840000000000032,2.5,140,74,1009,100,0,1
69,2023-09-17 06:00:00,Paris,19.600000000000023,19.600000000000023,19.600000000000023,2.54,183,86,1009,100,1,1
70,2023-09-17 09:00:00,Paris,19.890000000000043,19.890000000000043,19.890000000000043,3.22,137,86,1009,100,1,1
71,2023-09-17 12:00:00,Paris,24.629999999999995,24.629999999999995,24.629999999999995,3.79,175,64,1009,100,0,1
72,2023-09-17 15:00:00,Paris,27.55000000000001,27.55000000000001,27.55000000000001,3.33,184,48,1007,100,0,0
73,2023-09-17 18:00:00,Paris,24.590000000000032,24.590000000000032,24.590000000000032,0.8,44,57,1004,100,1,0
74,2023-09-17 21:00:00,Paris,17.79000000000002,17.79000000000002,17.79000000000002,1.87,227,83,1007,100,1,0
75,2023-09-18 00:00:00,Paris,18.02000000000004,18.02000000000004,18.02000000000004,4.77,171,83,1007,100,1,0
76,2023-09-18 03:00:00,Paris,17.689999999999998,17.689999999999998,17.689999999999998,5.92,198,77,1006,0,1,0
77,2023-09-18 06:00:00,Paris,16.930000000000007,16.930000000000007,16.930000000000007,7.55,177,77,1005,36,1,0
78,2023-09-18 09:00:00,Paris,17.83000000000004,17.83000000000004,17.83000000000004,9.93,201,79,1004,100,1,0
79,2023-09-18 12:00:00,Paris,21.430000000000007,21.430000000000007,21.430000000000007,9.26,231,63,1006,99,1,0
80,2023-09-13 15:00:00,New York,22.420000000000016,22.420000000000016,22.939999999999998,1.23,348,85,1013,40,1,0
81,2023-09-13 18:00:00,New York,23.260000000000048,23.260000000000048,24.950000000000045,1.89,325,80,1013,59,1,0
82,2023-09-13 21:00:00,New York,23.670000000000016,23.670000000000016,24.30000000000001,3.28,306,79,1012,54,1,0
83,2023-09-14 00:00:00,New York,20.980000000000018,20.980000000000018,20.980000000000018,2.14,316,86,1014,34,1,0
84,2023-09-14 03:00:00,New York,18.400000000000034,18.400000000000034,18.400000000000034,3.33,344,81,1015,0,0,0
85,2023-09-14 06:00:00,New York,17.629999999999995,17.629999999999995,17.629999999999995,2.56,359,71,1015,0,0,0
86,2023-09-14 09:00:00,New York,16.49000000000001,16.49000000000001,16.49000000000001,3.28,346,67,1016,4,0,0
87,2023-09-14 12:00:00,New York,16.689999999999998,16.689999999999998,16.689999999999998,3.66,339,63,1018,5,0,0
88,2023-09-14 15:00:00,New York,21.470000000000027,21.470000000000027,21.470000000000027,4.3,341,44,1018,0,0,0
89,2023-09-14 18:00:00,New York,24.439999999999998,24.439999999999998,24.439999999999998,3.94,332,33,1017,0,0,0
90,2023-09-14 21:00:00,New York,24.120000000000005,24.120000000000005,24.120000000000005,5.0,341,33,1016,0,0,0
91,2023-09-15 00:00:00,New York,19.730000000000018,19.730000000000018,19.730000000000018,4.12,340,50,1018,0,0,0
92,2023-09-15 03:00:00,New York,16.650000000000034,16.650000000000034,16.650000000000034,4.1,357,60,1019,13,0,0
93,2023-09-15 06:00:00,New York,15.180000000000007,15.180000000000007,15.180000000000007,4.45,3,63,1018,57,0,0
94,2023-09-15 09:00:00,New York,14.740000000000009,14.740000000000009,14.740000000000009,4.86,6,61,1018,100,0,0
95,2023-09-15 12:00:00,New York,14.890000000000043,14.890000000000043,14.890000000000043,4.57,10,58,1018,100,0,0
96,2023-09-15 15:00:00,New York,17.700000000000045,17.700000000000045,17.700000000000045,5.83,14,48,1017,100,0,0
97,2023-09-15 18:00:00,New York,19.32000000000005,19.32000000000005,19.32000000000005,5.91,15,46,1017,100,0,0
98,2023-09-15 21:00:00,New York,19.230000000000018,19.230000000000018,19.230000000000018,5.52,4,50,1015,100,0,0
99,2023-09-16 00:00:00,New York,17.77000000000004,17.77000000000004,17.77000000000004,3.77,347,55,1014,100,0,0
100,2023-09-16 03:00:00,New York,16.54000000000002,16.54000000000002,16.54000000000002,2.91,341,59,1013,100,0,0
101,2023-09-16 06:00:00,New York,15.860000000000014,15.860000000000014,15.860000000000014,3.33,323,61,1013,100,0,0
102,2023-09-16 09:00:00,New York,15.990000000000009,15.990000000000009,15.990000000000009,3.44,320,48,1011,100,0,0
103,2023-09-16 12:00:00,New York,16.170000000000016,16.170000000000016,16.170000000000016,4.99,306,45,1010,100,0,0
104,2023-09-16 15:00:00,New York,19.960000000000036,19.960000000000036,19.960000000000036,6.23,323,40,1011,100,0,0
105,2023-09-16 18:00:00,New York,23.760000000000048,23.760000000000048,23.760000000000048,6.99,319,33,1010,100,0,0
106,2023-09-16 21:00:00,New York,22.400000000000034,22.400000000000034,22.400000000000034,5.85,307,39,1009,100,0,0
107,2023-09-17 00:00:00,New York,19.650000000000034,19.650000000000034,19.650000000000034,4.14,303,49,1011,98,0,0
108,2023-09-17 03:00:00,New York,17.52000000000004,17.52000000000004,17.52000000000004,3.84,302,53,1012,1,0,0
109,2023-09-17 06:00:00,New York,16.180000000000007,16.180000000000007,16.180000000000007,2.61,299,52,1012,5,0,0
110,2023-09-17 09:00:00,New York,15.07000000000005,15.07000000000005,15.07000000000005,2.23,280,55,1012,0,0,0
111,2023-09-17 12:00:00,New York,16.220000000000027,16.220000000000027,16.220000000000027,1.85,273,53,1013,2,0,0
112,2023-09-17 15:00:00,New York,23.129999999999995,23.129999999999995,23.129999999999995,3.11,252,32,1013,36,0,0
113,2023-09-17 18:00:00,New York,26.470000000000027,26.470000000000027,26.470000000000027,3.84,252,28,1011,68,0,0
114,2023-09-17 21:00:00,New York,26.07000000000005,26.07000000000005,26.07000000000005,4.2,244,32,1010,61,0,0
115,2023-09-18 00:00:00,New York,22.100000000000023,22.100000000000023,22.100000000000023,1.78,237,48,1011,32,0,0
116,2023-09-18 03:00:00,New York,20.370000000000005,20.370000000000005,20.370000000000005,1.94,243,51,1011,2,0,0
117,2023-09-18 06:00:00,New York,18.910000000000025,18.910000000000025,18.910000000000025,2.22,227,57,1011,5,0,0
118,2023-09-18 09:00:00,New York,17.710000000000036,17.710000000000036,17.710000000000036,1.53,236,65,1011,18,0,0
119,2023-09-18 12:00:00,New York,18.610000000000014,18.610000000000014,18.610000000000014,1.08,254,63,1012,11,0,0
120,2023-09-13 15:00:00,Tokyo,27.710000000000036,27.560000000000002,27.710000000000036,2.79,175,83,1012,20,0,0
121,2023-09-13 18:00:00,Tokyo,27.52000000000004,27.129999999999995,27.52000000000004,2.12,180,79,1012,18,0,0
122,2023-09-13 21:00:00,Tokyo,27.129999999999995,26.840000000000032,27.129999999999995,1.76,181,77,1013,51,0,0
123,2023-09-14 00:00:00,Tokyo,28.78000000000003,28.78000000000003,28.78000000000003,2.66,179,64,1013,49,0,0
124,2023-09-14 03:00:00,Tokyo,30.950000000000045,30.950000000000045,30.950000000000045,5.27,172,54,1012,7,0,1
125,2023-09-14 06:00:00,Tokyo,31.170000000000016,31.170000000000016,31.170000000000016,6.5,185,55,1011,5,0,1
126,2023-09-14 09:00:00,Tokyo,29.150000000000034,29.150000000000034,29.150000000000034,6.31,182,66,1011,36,0,1
127,2023-09-14 12:00:00,Tokyo,28.460000000000036,28.460000000000036,28.460000000000036,4.01,173,69,1012,68,0,0
128,2023-09-14 15:00:00,Tokyo,28.210000000000036,28.210000000000036,28.210000000000036,1.74,182,69,1012,100,0,0
129,2023-09-14 18:00:00,Tokyo,27.80000000000001,27.80000000000001,27.80000000000001,0.81,52,72,1011,96,0,0
130,2023-09-14 21:00:00,Tokyo,27.33000000000004,27.33000000000004,27.33000000000004,2.42,31,75,1012,44,0,0
131,2023-09-15 00:00:00,Tokyo,29.5,29.5,29.5,3.45,33,63,1013,57,0,0
132,2023-09-15 03:00:00,Tokyo,31.160000000000025,31.160000000000025,31.160000000000025,3.76,73,55,1012,100,1,0
133,2023-09-15 06:00:00,Tokyo,30.77000000000004,30.77000000000004,30.77000000000004,4.47,93,56,1012,92,1,0
134,2023-09-15 09:00:00,Tokyo,28.930000000000007,28.930000000000007,28.930000000000007,5.15,87,63,1014,86,1,0
135,2023-09-15 12:00:00,Tokyo,26.970000000000027,26.970000000000027,26.970000000000027,4.71,73,74,1015,78,0,0
136,2023-09-15 15:00:00,Tokyo,26.27000000000004,26.27000000000004,26.27000000000004,3.91,63,78,1015,85,0,1
137,2023-09-15 18:00:00,Tokyo,26.180000000000007,26.180000000000007,26.180000000000007,3.74,58,77,1014,92,0,1
138,2023-09-15 21:00:00,Tokyo,25.99000000000001,25.99000000000001,25.99000000000001,4.08,62,77,1015,100,0,0
139,2023-09-16 00:00:00,Tokyo,26.850000000000023,26.850000000000023,26.850000000000023,2.7,62,72,1015,100,0,0
140,2023-09-16 03:00:00,Tokyo,28.99000000000001,28.99000000000001,28.99000000000001,0.62,29,63,1014,100,0,0
141,2023-09-16 06:00:00,Tokyo,30.970000000000027,30.970000000000027,30.970000000000027,2.15,140,55,1013,97,0,0
142,2023-09-16 09:00:00,Tokyo,29.730000000000018,29.730000000000018,29.730000000000018,3.75,153,61,1014,80,0,0
143,2023-09-16 12:00:00,Tokyo,28.310000000000002,28.310000000000002,28.310000000000002,3.5,153,71,1015,90,0,0
144,2023-09-16 15:00:00,Tokyo,27.640000000000043,27.640000000000043,27.640000000000043,2.59,152,74,1015,99,1,0
145,2023-09-16 18:00:00,Tokyo,27.310000000000002,27.310000000000002,27.310000000000002,1.79,151,75,1015,98,1,0
146,2023-09-16 21:00:00,Tokyo,27.090000000000032,27.090000000000032,27.090000000000032,1.6,131,76,1016,97,0,0
147,2023-09-17 00:00:00,Tokyo,28.80000000000001,28.80000000000001,28.80000000000001,2.26,128,68,1016,91,0,0
148,2023-09-17 03:00:00,Tokyo,31.189999999999998,31.189999999999998,31.189999999999998,4.04,164,56,1015,50,0,0
149,2023-09-17 06:00:00,Tokyo,31.210000000000036,31.210000000000036,31.210000000000036,6.39,180,57,1014,42,0,0
150,2023-09-17 09:00:00,Tokyo,28.879999999999995,28.879999999999995,28.879999999999995,6.39,181,69,1015,24,0,0
151,2023-09-17 12:00:00,Tokyo,27.960000000000036,27.960000000000036,27.960000000000036,5.68,177,75,1016,47,0,0
152,2023-09-17 15:00:00,Tokyo,27.58000000000004,27.58000000000004,27.58000000000004,5.74,182,75,1015,93,0,0
153,2023-09-17 18:00:00,Tokyo,27.100000000000023,27.100000000000023,27.100000000000023,5.31,188,75,1015,95,0,0
154,2023-09-17 21:00:00,Tokyo,26.910000000000025,26.910000000000025,26.910000000000025,5.13,190,76,1015,100,0,0
155,2023-09-18 00:00:00,Tokyo,29.05000000000001,29.05000000000001,29.05000000000001,5.27,191,64,1016,100,0,0
156,2023-09-18 03:00:00,Tokyo,30.689999999999998,30.689999999999998,30.689999999999998,7.16,179,58,1014,94,0,0
157,2023-09-18 06:00:00,Tokyo,30.57000000000005,30.57000000000005,30.57000000000005,8.03,183,57,1013,64,0,0
158,2023-09-18 09:00:00,Tokyo,28.5,28.5,28.5,7.96,181,68,1014,6,0,0
159,2023-09-18 12:00:00,Tokyo,28.02000000000004,28.02000000000004,28.02000000000004,6.45,185,69,1015,17,0,0
160,2023-09-13 15:00:00,Beijing,19.430000000000007,19.430000000000007,20.420000000000016,1.78,162,69,1013,1,0,0
161,2023-09-13 18:00:00,Beijing,19.120000000000005,19.120000000000005,19.210000000000036,0.6,164,71,1014,2,0,0
162,2023-09-13 21:00:00,Beijing,18.30000000000001,18.30000000000001,18.30000000000001,0.55,34,76,1014,0,0,0
163,2023-09-14 00:00:00,Beijing,20.410000000000025,20.410000000000025,20.410000000000025,0.69,81,70,1015,0,0,0
164,2023-09-14 03:00:00,Beijing,25.340000000000032,25.340000000000032,25.340000000000032,1.96,193,56,1015,0,0,0
165,2023-09-14 06:00:00,Beijing,28.010000000000048,28.010000000000048,28.010000000000048,4.16,196,46,1013,0,0,0
166,2023-09-14 09:00:00,Beijing,26.660000000000025,26.660000000000025,26.660000000000025,3.94,193,53,1012,0,0,0
167,2023-09-14 12:00:00,Beijing,22.980000000000018,22.980000000000018,22.980000000000018,2.37,187,66,1013,0,0,0
168,2023-09-14 15:00:00,Beijing,21.010000000000048,21.010000000000048,21.010000000000048,1.45,181,70,1013,0,0,0
169,2023-09-14 18:00:00,Beijing,19.80000000000001,19.80000000000001,19.80000000000001,0.57,124,74,1013,0,0,0
170,2023-09-14 21:00:00,Beijing,18.629999999999995,18.629999999999995,18.629999999999995,0.64,74,76,1014,0,0,0
171,2023-09-15 00:00:00,Beijing,20.689999999999998,20.689999999999998,20.689999999999998,1.19,38,68,1014,0,0,0
172,2023-09-15 03:00:00,Beijing,25.82000000000005,25.82000000000005,25.82000000000005,1.57,161,52,1013,0,0,0
173,2023-09-15 06:00:00,Beijing,28.54000000000002,28.54000000000002,28.54000000000002,3.78,189,44,1011,0,0,0
174,2023-09-15 09:00:00,Beijing,27.04000000000002,27.04000000000002,27.04000000000002,4.2,196,55,1011,0,0,0
175,2023-09-15 12:00:00,Beijing,23.680000000000007,23.680000000000007,23.680000000000007,2.01,205,68,1011,0,0,0
176,2023-09-15 15:00:00,Beijing,22.060000000000002,22.060000000000002,22.060000000000002,1.15,172,74,1011,3,0,0
177,2023-09-15 18:00:00,Beijing,20.80000000000001,20.80000000000001,20.80000000000001,0.49,158,79,1012,15,0,0
178,2023-09-15 21:00:00,Beijing,19.650000000000034,19.650000000000034,19.650000000000034,1.02,46,82,1012,20,0,0
179,2023-09-16 00:00:00,Beijing,21.600000000000023,21.600000000000023,21.600000000000023,1.23,40,72,1013,10,0,0
180,2023-09-16 03:00:00,Beijing,26.54000000000002,26.54000000000002,26.54000000000002,1.65,165,55,1012,2,0,0
181,2023-09-16 06:00:00,Beijing,28.879999999999995,28.879999999999995,28.879999999999995,3.68,193,48,1010,8,0,0
182,2023-09-16 09:00:00,Beijing,27.620000000000005,27.620000000000005,27.620000000000005,3.53,191,54,1009,14,0,0
183,2023-09-16 12:00:00,Beijing,24.360000000000014,24.360000000000014,24.360000000000014,1.68,188,68,1010,17,0,0
184,2023-09-16 15:00:00,Beijing,22.77000000000004,22.77000000000004,22.77000000000004,1.67,151,73,1010,62,0,0
185,2023-09-16 18:00:00,Beijing,21.379999999999995,21.379999999999995,21.379999999999995,1.66,119,74,1010,37,0,0
186,2023-09-16 21:00:00,Beijing,20.200000000000045,20.200000000000045,20.200000000000045,1.39,61,73,1010,58,0,1
187,2023-09-17 00:00:00,Beijing,21.510000000000048,21.510000000000048,21.510000000000048,1.5,69,69,1011,79,0,1
188,2023-09-17 03:00:00,Beijing,26.390000000000043,26.390000000000043,26.390000000000043,1.52,168,55,1010,76,0,1
189,2023-09-17 06:00:00,Beijing,28.08000000000004,28.08000000000004,28.08000000000004,2.84,188,53,1008,86,0,0
190,2023-09-17 09:00:00,Beijing,26.950000000000045,26.950000000000045,26.950000000000045,3.16,199,61,1006,87,0,0
191,2023-09-17 12:00:00,Beijing,25.02000000000004,25.02000000000004,25.02000000000004,1.44,173,68,1008,80,0,0
192,2023-09-17 15:00:00,Beijing,24.140000000000043,24.140000000000043,24.140000000000043,1.63,202,72,1008,100,0,0
193,2023-09-17 18:00:00,Beijing,22.810000000000002,22.810000000000002,22.810000000000002,1.17,233,78,1007,100,0,0
194,2023-09-17 21:00:00,Beijing,21.730000000000018,21.730000000000018,21.730000000000018,0.77,353,85,1008,98,1,0
195,2023-09-18 00:00:00,Beijing,22.460000000000036,22.460000000000036,22.460000000000036,0.96,42,83,1009,97,1,0
196,2023-09-18 03:00:00,Beijing,25.30000000000001,25.30000000000001,25.30000000000001,0.78,171,70,1009,99,1,0
197,2023-09-18 06:00:00,Beijing,25.99000000000001,25.99000000000001,25.99000000000001,2.79,182,69,1008,100,0,0
198,2023-09-18 09:00:00,Beijing,25.450000000000045,25.450000000000045,25.450000000000045,2.65,188,74,1008,100,0,0
199,2023-09-18 12:00:00,Beijing,23.77000000000004,23.77000000000004,23.77000000000004,2.27,209,77,1008,100,0,0
200,2023-09-13 15:00:00,Istanbul,26.680000000000007,23.33000000000004,26.680000000000007,6.25,47,39,1017,0,0,0
201,2023-09-13 18:00:00,Istanbul,24.960000000000036,21.52000000000004,24.960000000000036,5.69,71,46,1017,0,0,0
202,2023-09-13 21:00:00,Istanbul,22.689999999999998,20.689999999999998,22.689999999999998,4.07,72,55,1017,2,0,0
203,2023-09-14 00:00:00,Istanbul,20.010000000000048,20.010000000000048,20.010000000000048,3.37,66,64,1017,2,0,0
204,2023-09-14 03:00:00,Istanbul,19.52000000000004,19.52000000000004,19.52000000000004,2.56,60,66,1017,6,0,0
205,2023-09-14 06:00:00,Istanbul,21.390000000000043,21.390000000000043,21.390000000000043,3.33,66,57,1017,3,0,0
206,2023-09-14 09:00:00,Istanbul,25.07000000000005,25.07000000000005,25.07000000000005,2.94,64,41,1017,0,0,0
207,2023-09-14 12:00:00,Istanbul,26.629999999999995,26.629999999999995,26.629999999999995,5.48,47,35,1015,8,0,0
208,2023-09-14 15:00:00,Istanbul,24.200000000000045,24.200000000000045,24.200000000000045,5.92,53,41,1015,81,0,0
209,2023-09-14 18:00:00,Istanbul,21.960000000000036,21.960000000000036,21.960000000000036,5.39,65,55,1016,82,0,0
210,2023-09-14 21:00:00,Istanbul,20.99000000000001,20.99000000000001,20.99000000000001,4.06,71,60,1016,98,0,0
211,2023-09-15 00:00:00,Istanbul,20.28000000000003,20.28000000000003,20.28000000000003,2.57,73,61,1016,76,0,0
212,2023-09-15 03:00:00,Istanbul,19.700000000000045,19.700000000000045,19.700000000000045,2.09,49,62,1016,66,0,0
213,2023-09-15 06:00:00,Istanbul,21.370000000000005,21.370000000000005,21.370000000000005,2.49,61,57,1017,68,0,0
214,2023-09-15 09:00:00,Istanbul,25.0,25.0,25.0,2.8,58,43,1017,41,0,0
215,2023-09-15 12:00:00,Istanbul,26.79000000000002,26.79000000000002,26.79000000000002,5.03,38,37,1017,56,0,0
216,2023-09-15 15:00:00,Istanbul,24.390000000000043,24.390000000000043,24.390000000000043,5.75,46,46,1017,99,0,0
217,2023-09-15 18:00:00,Istanbul,22.170000000000016,22.170000000000016,22.170000000000016,5.28,64,59,1018,99,0,0
218,2023-09-15 21:00:00,Istanbul,21.33000000000004,21.33000000000004,21.33000000000004,4.09,68,64,1018,91,0,0
219,2023-09-16 00:00:00,Istanbul,20.900000000000034,20.900000000000034,20.900000000000034,3.92,50,67,1018,83,0,0
220,2023-09-16 03:00:00,Istanbul,20.720000000000027,20.720000000000027,20.720000000000027,3.68,54,72,1018,52,0,0
221,2023-09-16 06:00:00,Istanbul,22.260000000000048,22.260000000000048,22.260000000000048,5.01,58,66,1019,29,0,0
222,2023-09-16 09:00:00,Istanbul,25.129999999999995,25.129999999999995,25.129999999999995,6.23,50,50,1020,46,0,0
223,2023-09-16 12:00:00,Istanbul,25.430000000000007,25.430000000000007,25.430000000000007,7.08,38,48,1019,57,0,0
224,2023-09-16 15:00:00,Istanbul,23.450000000000045,23.450000000000045,23.450000000000045,7.13,43,59,1019,100,0,0
225,2023-09-16 18:00:00,Istanbul,22.120000000000005,22.120000000000005,22.120000000000005,6.24,52,74,1020,100,0,0
226,2023-09-16 21:00:00,Istanbul,21.370000000000005,21.370000000000005,21.370000000000005,5.27,49,76,1020,100,0,0
227,2023-09-17 00:00:00,Istanbul,20.629999999999995,20.629999999999995,20.629999999999995,4.75,46,76,1020,95,0,0
228,2023-09-17 03:00:00,Istanbul,20.100000000000023,20.100000000000023,20.100000000000023,4.57,37,76,1019,16,0,0
229,2023-09-17 06:00:00,Istanbul,21.370000000000005,21.370000000000005,21.370000000000005,5.33,42,70,1020,23,0,0
230,2023-09-17 09:00:00,Istanbul,23.480000000000018,23.480000000000018,23.480000000000018,5.81,44,61,1020,57,0,0
231,2023-09-17 12:00:00,Istanbul,24.340000000000032,24.340000000000032,24.340000000000032,6.87,41,57,1018,61,0,0
232,2023-09-17 15:00:00,Istanbul,23.060000000000002,23.060000000000002,23.060000000000002,7.51,53,61,1017,0,0,0
233,2023-09-17 18:00:00,Istanbul,21.57000000000005,21.57000000000005,21.57000000000005,6.34,57,73,1018,0,0,0
234,2023-09-17 21:00:00,Istanbul,21.200000000000045,21.200000000000045,21.200000000000045,5.54,53,73,1018,5,0,0
235,2023-09-18 00:00:00,Istanbul,20.58000000000004,20.58000000000004,20.58000000000004,5.05,51,69,1017,3,0,0
236,2023-09-18 03:00:00,Istanbul,20.160000000000025,20.160000000000025,20.160000000000025,4.67,54,68,1016,2,0,0
237,2023-09-18 06:00:00,Istanbul,21.689999999999998,21.689999999999998,21.689999999999998,5.7,58,65,1016,2,0,0
238,2023-09-18 09:00:00,Istanbul,24.200000000000045,24.200000000000045,24.200000000000045,7.05,43,53,1016,14,0,0
239,2023-09-18 12:00:00,Istanbul,24.379999999999995,24.379999999999995,24.379999999999995,8.07,43,55,1015,56,0,0
240,2023-09-13 15:00:00,Moscow,19.180000000000007,19.180000000000007,19.24000000000001,2.22,167,38,1022,4,0,0
241,2023-09-13 18:00:00,Moscow,17.150000000000034,16.150000000000034,17.150000000000034,1.82,158,46,1021,9,0,0
242,2023-09-13 21:00:00,Moscow,14.590000000000032,14.590000000000032,14.590000000000032,1.44,162,55,1021,8,0,0
243,2023-09-14 00:00:00,Moscow,14.180000000000007,14.180000000000007,14.180000000000007,1.5,146,58,1021,31,0,0
244,2023-09-14 03:00:00,Moscow,12.180000000000007,12.180000000000007,12.180000000000007,1.76,151,67,1021,22,0,0
245,2023-09-14 06:00:00,Moscow,15.470000000000027,15.470000000000027,15.470000000000027,2.57,150,56,1021,17,0,0
246,2023-09-14 09:00:00,Moscow,19.24000000000001,19.24000000000001,19.24000000000001,3.42,151,46,1020,6,0,0
247,2023-09-14 12:00:00,Moscow,20.640000000000043,20.640000000000043,20.640000000000043,3.8,153,40,1019,5,0,0
248,2023-09-14 15:00:00,Moscow,19.420000000000016,19.420000000000016,19.420000000000016,4.1,164,42,1018,28,0,0
249,2023-09-14 18:00:00,Moscow,17.840000000000032,17.840000000000032,17.840000000000032,2.47,170,46,1018,64,0,0
250,2023-09-14 21:00:00,Moscow,16.350000000000023,16.350000000000023,16.350000000000023,2.57,148,48,1019,92,0,0
251,2023-09-15 00:00:00,Moscow,13.879999999999995,13.879999999999995,13.879999999999995,2.64,160,51,1019,72,0,0
252,2023-09-15 03:00:00,Moscow,12.310000000000002,12.310000000000002,12.310000000000002,2.35,155,54,1020,5,0,0
253,2023-09-15 06:00:00,Moscow,15.590000000000032,15.590000000000032,15.590000000000032,2.86,158,45,1020,5,0,0
254,2023-09-15 09:00:00,Moscow,19.470000000000027,19.470000000000027,19.470000000000027,2.63,173,37,1020,56,0,0
255,2023-09-15 12:00:00,Moscow,20.430000000000007,20.430000000000007,20.430000000000007,2.17,208,35,1020,78,0,0
256,2023-09-15 15:00:00,Moscow,18.129999999999995,18.129999999999995,18.129999999999995,3.45,293,45,1020,100,0,0
257,2023-09-15 18:00:00,Moscow,14.850000000000023,14.850000000000023,14.850000000000023,3.35,280,62,1022,97,0,0
258,2023-09-15 21:00:00,Moscow,14.25,14.25,14.25,3.28,314,68,1023,100,0,0
259,2023-09-16 00:00:00,Moscow,12.470000000000027,12.470000000000027,12.470000000000027,3.55,341,79,1024,83,0,0
260,2023-09-16 03:00:00,Moscow,11.800000000000011,11.800000000000011,11.800000000000011,3.77,338,69,1025,83,0,0
261,2023-09-16 06:00:00,Moscow,12.180000000000007,12.180000000000007,12.180000000000007,4.03,339,62,1026,57,0,0
262,2023-09-16 09:00:00,Moscow,14.57000000000005,14.57000000000005,14.57000000000005,5.06,345,48,1027,18,0,0
263,2023-09-16 12:00:00,Moscow,15.330000000000041,15.330000000000041,15.330000000000041,4.51,356,42,1026,20,0,0
264,2023-09-16 15:00:00,Moscow,14.75,14.75,14.75,4.15,349,44,1027,20,0,0
265,2023-09-16 18:00:00,Moscow,12.210000000000036,12.210000000000036,12.210000000000036,2.82,343,55,1028,14,0,0
266,2023-09-16 21:00:00,Moscow,10.710000000000036,10.710000000000036,10.710000000000036,2.41,353,59,1029,11,0,0
267,2023-09-17 00:00:00,Moscow,9.450000000000045,9.450000000000045,9.450000000000045,1.78,353,63,1029,8,0,0
268,2023-09-17 03:00:00,Moscow,8.79000000000002,8.79000000000002,8.79000000000002,1.5,343,64,1029,23,0,0
269,2023-09-17 06:00:00,Moscow,12.129999999999995,12.129999999999995,12.129999999999995,1.19,342,50,1029,22,0,0
270,2023-09-17 09:00:00,Moscow,16.27000000000004,16.27000000000004,16.27000000000004,0.96,321,40,1028,53,0,0
271,2023-09-17 12:00:00,Moscow,17.760000000000048,17.760000000000048,17.760000000000048,1.02,255,38,1026,72,0,0
272,2023-09-17 15:00:00,Moscow,16.730000000000018,16.730000000000018,16.730000000000018,1.85,225,42,1024,95,0,0
273,2023-09-17 18:00:00,Moscow,14.410000000000025,14.410000000000025,14.410000000000025,2.35,216,53,1023,98,0,0
274,2023-09-17 21:00:00,Moscow,12.82000000000005,12.82000000000005,12.82000000000005,2.7,213,55,1022,100,0,0
275,2023-09-18 00:00:00,Moscow,11.53000000000003,11.53000000000003,11.53000000000003,3.2,224,57,1020,100,0,0
276,2023-09-18 03:00:00,Moscow,10.25,10.25,10.25,3.23,244,61,1019,51,0,0
277,2023-09-18 06:00:00,Moscow,13.29000000000002,13.29000000000002,13.29000000000002,3.68,268,53,1018,72,0,0
278,2023-09-18 09:00:00,Moscow,16.930000000000007,16.930000000000007,16.930000000000007,3.91,278,51,1016,97,0,0
279,2023-09-18 12:00:00,Moscow,19.450000000000045,19.450000000000045,19.450000000000045,3.77,292,46,1015,79,0,0
280,2023-09-13 15:00:00,Berlin,21.620000000000005,20.379999999999995,21.620000000000005,4.48,298,83,1000,75,1,0
281,2023-09-13 18:00:00,Berlin,19.74000000000001,15.980000000000018,19.74000000000001,5.06,327,83,1005,79,1,0
282,2023-09-13 21:00:00,Berlin,16.629999999999995,14.129999999999995,16.629999999999995,3.88,316,77,1013,85,0,0
283,2023-09-14 00:00:00,Berlin,12.480000000000018,12.480000000000018,12.480000000000018,3.43,296,76,1020,50,0,0
284,2023-09-14 03:00:00,Berlin,11.460000000000036,11.460000000000036,11.460000000000036,2.99,298,75,1021,0,0,0
285,2023-09-14 06:00:00,Berlin,12.03000000000003,12.03000000000003,12.03000000000003,2.58,301,73,1022,1,0,0
286,2023-09-14 09:00:00,Berlin,17.02000000000004,17.02000000000004,17.02000000000004,2.38,301,56,1023,17,0,0
287,2023-09-14 12:00:00,Berlin,20.350000000000023,20.350000000000023,20.350000000000023,2.31,310,40,1022,34,0,0
288,2023-09-14 15:00:00,Berlin,20.730000000000018,20.730000000000018,20.730000000000018,2.11,325,38,1022,12,0,0
289,2023-09-14 18:00:00,Berlin,17.210000000000036,17.210000000000036,17.210000000000036,2.16,327,51,1023,14,0,0
290,2023-09-14 21:00:00,Berlin,14.960000000000036,14.960000000000036,14.960000000000036,2.24,0,56,1023,20,0,0
291,2023-09-15 00:00:00,Berlin,14.140000000000043,14.140000000000043,14.140000000000043,1.71,61,65,1023,50,0,0
292,2023-09-15 03:00:00,Berlin,13.410000000000025,13.410000000000025,13.410000000000025,2.14,94,76,1023,95,0,0
293,2023-09-15 06:00:00,Berlin,14.080000000000041,14.080000000000041,14.080000000000041,2.16,100,72,1023,71,0,0
294,2023-09-15 09:00:00,Berlin,19.900000000000034,19.900000000000034,19.900000000000034,3.12,117,47,1023,26,0,0
295,2023-09-15 12:00:00,Berlin,23.33000000000004,23.33000000000004,23.33000000000004,3.87,121,36,1022,17,0,0
296,2023-09-15 15:00:00,Berlin,23.810000000000002,23.810000000000002,23.810000000000002,4.51,117,34,1020,7,0,0
297,2023-09-15 18:00:00,Berlin,19.610000000000014,19.610000000000014,19.610000000000014,4.09,105,46,1021,6,0,0
298,2023-09-15 21:00:00,Berlin,16.939999999999998,16.939999999999998,16.939999999999998,4.45,107,49,1021,10,0,0
299,2023-09-16 00:00:00,Berlin,15.120000000000005,15.120000000000005,15.120000000000005,4.11,110,47,1021,15,0,0
300,2023-09-16 03:00:00,Berlin,13.700000000000045,13.700000000000045,13.700000000000045,3.93,105,50,1020,46,0,0
301,2023-09-16 06:00:00,Berlin,13.770000000000039,13.770000000000039,13.770000000000039,4.04,113,53,1019,55,0,0
302,2023-09-16 09:00:00,Berlin,20.110000000000014,20.110000000000014,20.110000000000014,4.35,116,41,1018,99,0,0
303,2023-09-16 12:00:00,Berlin,25.05000000000001,25.05000000000001,25.05000000000001,5.14,134,37,1017,57,0,0
304,2023-09-16 15:00:00,Berlin,26.650000000000034,26.650000000000034,26.650000000000034,4.58,132,38,1015,66,0,0
305,2023-09-16 18:00:00,Berlin,21.850000000000023,21.850000000000023,21.850000000000023,2.77,115,53,1015,82,0,0
306,2023-09-16 21:00:00,Berlin,19.470000000000027,19.470000000000027,19.470000000000027,3.0,133,63,1015,88,0,0
307,2023-09-17 00:00:00,Berlin,18.120000000000005,18.120000000000005,18.120000000000005,1.92,159,68,1015,54,0,0
308,2023-09-17 03:00:00,Berlin,17.480000000000018,17.480000000000018,17.480000000000018,0.94,199,71,1015,13,0,0
309,2023-09-17 06:00:00,Berlin,18.32000000000005,18.32000000000005,18.32000000000005,0.74,250,66,1015,8,0,0
310,2023-09-17 09:00:00,Berlin,24.02000000000004,24.02000000000004,24.02000000000004,0.97,252,46,1015,2,0,1
311,2023-09-17 12:00:00,Berlin,27.230000000000018,27.230000000000018,27.230000000000018,1.81,245,38,1015,3,0,0
312,2023-09-17 15:00:00,Berlin,27.78000000000003,27.78000000000003,27.78000000000003,0.89,273,31,1014,9,0,0
313,2023-09-17 18:00:00,Berlin,23.100000000000023,23.100000000000023,23.100000000000023,1.81,57,44,1014,26,0,0
314,2023-09-17 21:00:00,Berlin,21.32000000000005,21.32000000000005,21.32000000000005,2.63,100,49,1013,58,0,0
315,2023-09-18 00:00:00,Berlin,20.30000000000001,20.30000000000001,20.30000000000001,2.99,117,56,1011,79,0,0
316,2023-09-18 03:00:00,Berlin,19.53000000000003,19.53000000000003,19.53000000000003,3.04,116,61,1010,100,0,0
317,2023-09-18 06:00:00,Berlin,19.720000000000027,19.720000000000027,19.720000000000027,2.53,130,65,1009,97,0,0
318,2023-09-18 09:00:00,Berlin,25.710000000000036,25.710000000000036,25.710000000000036,4.08,166,49,1008,74,1,0
319,2023-09-18 12:00:00,Berlin,27.260000000000048,27.260000000000048,27.260000000000048,6.78,254,44,1007,83,0,0
320,2023-09-13 15:00:00,Bangkok,27.79000000000002,26.720000000000027,27.79000000000002,2.88,257,63,1011,100,1,0
321,2023-09-13 18:00:00,Bangkok,27.24000000000001,26.150000000000034,27.24000000000001,2.16,233,68,1010,100,0,1
322,2023-09-13 21:00:00,Bangkok,26.54000000000002,25.910000000000025,26.54000000000002,1.6,252,75,1009,100,0,0
323,2023-09-14 00:00:00,Bangkok,26.07000000000005,26.07000000000005,26.07000000000005,0.87,254,80,1010,100,1,1
324,2023-09-14 03:00:00,Bangkok,28.060000000000002,28.060000000000002,28.060000000000002,2.12,255,68,1011,100,0,1
325,2023-09-14 06:00:00,Bangkok,28.53000000000003,28.53000000000003,28.53000000000003,2.72,248,66,1009,100,0,1
326,2023-09-14 09:00:00,Bangkok,28.090000000000032,28.090000000000032,28.090000000000032,2.24,275,68,1007,100,0,0
327,2023-09-14 12:00:00,Bangkok,27.189999999999998,27.189999999999998,27.189999999999998,2.79,284,72,1009,100,0,0
328,2023-09-14 15:00:00,Bangkok,26.58000000000004,26.58000000000004,26.58000000000004,2.34,252,74,1011,100,0,0
329,2023-09-14 18:00:00,Bangkok,25.870000000000005,25.870000000000005,25.870000000000005,1.26,257,78,1009,100,1,0
330,2023-09-14 21:00:00,Bangkok,25.730000000000018,25.730000000000018,25.730000000000018,1.66,260,79,1008,100,0,0
331,2023-09-15 00:00:00,Bangkok,24.07000000000005,24.07000000000005,24.07000000000005,1.59,243,91,1009,100,1,0
332,2023-09-15 03:00:00,Bangkok,25.55000000000001,25.55000000000001,25.55000000000001,2.47,216,86,1010,100,1,0
333,2023-09-15 06:00:00,Bangkok,25.350000000000023,25.350000000000023,25.350000000000023,4.03,227,87,1008,100,1,1
334,2023-09-15 09:00:00,Bangkok,26.07000000000005,26.07000000000005,26.07000000000005,4.41,229,82,1006,100,0,1
335,2023-09-15 12:00:00,Bangkok,25.890000000000043,25.890000000000043,25.890000000000043,3.23,224,83,1007,99,0,1
336,2023-09-15 15:00:00,Bangkok,25.810000000000002,25.810000000000002,25.810000000000002,2.29,237,82,1009,99,0,0
337,2023-09-15 18:00:00,Bangkok,25.25,25.25,25.25,2.96,243,82,1008,100,0,0
338,2023-09-15 21:00:00,Bangkok,25.05000000000001,25.05000000000001,25.05000000000001,2.96,248,81,1006,100,0,0
339,2023-09-16 00:00:00,Bangkok,25.33000000000004,25.33000000000004,25.33000000000004,1.72,242,80,1008,100,0,0
340,2023-09-16 03:00:00,Bangkok,29.75,29.75,29.75,2.85,262,63,1009,100,0,0
341,2023-09-16 06:00:00,Bangkok,30.78000000000003,30.78000000000003,30.78000000000003,4.27,230,61,1006,100,1,1
342,2023-09-16 09:00:00,Bangkok,31.04000000000002,31.04000000000002,31.04000000000002,3.98,207,61,1004,92,1,1
343,2023-09-16 12:00:00,Bangkok,28.220000000000027,28.220000000000027,28.220000000000027,3.53,194,73,1006,94,1,0
344,2023-09-16 15:00:00,Bangkok,27.810000000000002,27.810000000000002,27.810000000000002,2.48,197,77,1007,99,0,1
345,2023-09-16 18:00:00,Bangkok,26.480000000000018,26.480000000000018,26.480000000000018,2.25,250,79,1006,97,0,1
346,2023-09-16 21:00:00,Bangkok,26.110000000000014,26.110000000000014,26.110000000000014,1.97,237,80,1005,100,0,1
347,2023-09-17 00:00:00,Bangkok,26.370000000000005,26.370000000000005,26.370000000000005,1.89,238,78,1007,97,0,0
348,2023-09-17 03:00:00,Bangkok,30.27000000000004,30.27000000000004,30.27000000000004,2.53,256,62,1008,72,0,1
349,2023-09-17 06:00:00,Bangkok,32.18000000000001,32.18000000000001,32.18000000000001,3.57,223,55,1005,69,1,1
350,2023-09-17 09:00:00,Bangkok,31.78000000000003,31.78000000000003,31.78000000000003,3.97,185,57,1004,98,1,1
351,2023-09-17 12:00:00,Bangkok,28.980000000000018,28.980000000000018,28.980000000000018,3.94,173,69,1005,99,0,1
352,2023-09-17 15:00:00,Bangkok,28.060000000000002,28.060000000000002,28.060000000000002,3.4,173,78,1007,98,1,0
353,2023-09-17 18:00:00,Bangkok,27.160000000000025,27.160000000000025,27.160000000000025,2.95,192,81,1006,99,1,0
354,2023-09-17 21:00:00,Bangkok,26.439999999999998,26.439999999999998,26.439999999999998,1.58,218,85,1005,100,1,0
355,2023-09-18 00:00:00,Bangkok,26.600000000000023,26.600000000000023,26.600000000000023,0.58,244,81,1007,100,0,0
356,2023-09-18 03:00:00,Bangkok,30.100000000000023,30.100000000000023,30.100000000000023,0.83,195,65,1008,100,1,0
357,2023-09-18 06:00:00,Bangkok,32.420000000000016,32.420000000000016,32.420000000000016,4.1,190,55,1006,100,1,0
358,2023-09-18 09:00:00,Bangkok,31.420000000000016,31.420000000000016,31.420000000000016,5.95,179,59,1005,100,1,0
359,2023-09-18 12:00:00,Bangkok,28.78000000000003,28.78000000000003,28.78000000000003,5.52,180,72,1007,100,1,0
360,2023-09-13 15:00:00,Seoul,19.74000000000001,19.430000000000007,19.74000000000001,1.22,8,94,1013,100,0,0
361,2023-09-13 18:00:00,Seoul,19.600000000000023,19.32000000000005,19.600000000000023,1.51,43,93,1013,100,0,0
362,2023-09-13 21:00:00,Seoul,19.230000000000018,18.970000000000027,19.230000000000018,1.5,19,93,1012,100,0,1
363,2023-09-14 00:00:00,Seoul,21.150000000000034,21.150000000000034,21.150000000000034,1.92,37,81,1013,100,0,1
364,2023-09-14 03:00:00,Seoul,24.180000000000007,24.180000000000007,24.180000000000007,2.76,66,66,1013,100,0,1
365,2023-09-14 06:00:00,Seoul,24.340000000000032,24.340000000000032,24.340000000000032,2.43,70,64,1013,99,0,1
366,2023-09-14 09:00:00,Seoul,23.33000000000004,23.33000000000004,23.33000000000004,1.91,76,69,1014,100,0,1
367,2023-09-14 12:00:00,Seoul,22.83000000000004,22.83000000000004,22.83000000000004,1.94,62,73,1015,100,0,1
368,2023-09-14 15:00:00,Seoul,22.370000000000005,22.370000000000005,22.370000000000005,1.9,60,76,1015,100,0,1
369,2023-09-14 18:00:00,Seoul,21.75,21.75,21.75,1.53,68,78,1015,100,0,1
370,2023-09-14 21:00:00,Seoul,20.960000000000036,20.960000000000036,20.960000000000036,1.67,64,84,1015,100,1,1
371,2023-09-15 00:00:00,Seoul,21.04000000000002,21.04000000000002,21.04000000000002,1.87,64,88,1015,100,1,1
372,2023-09-15 03:00:00,Seoul,21.710000000000036,21.710000000000036,21.710000000000036,1.64,76,86,1015,100,1,1
373,2023-09-15 06:00:00,Seoul,21.30000000000001,21.30000000000001,21.30000000000001,1.67,80,89,1014,100,1,1
374,2023-09-15 09:00:00,Seoul,20.950000000000045,20.950000000000045,20.950000000000045,1.56,81,92,1014,100,1,1
375,2023-09-15 12:00:00,Seoul,20.58000000000004,20.58000000000004,20.58000000000004,1.69,73,94,1014,100,1,0
376,2023-09-15 15:00:00,Seoul,20.360000000000014,20.360000000000014,20.360000000000014,1.45,81,94,1013,99,1,0
377,2023-09-15 18:00:00,Seoul,20.57000000000005,20.57000000000005,20.57000000000005,1.17,69,94,1013,100,1,1
378,2023-09-15 21:00:00,Seoul,20.460000000000036,20.460000000000036,20.460000000000036,1.05,73,95,1013,100,1,1
379,2023-09-16 00:00:00,Seoul,20.83000000000004,20.83000000000004,20.83000000000004,0.97,75,95,1014,100,1,1
380,2023-09-16 03:00:00,Seoul,21.02000000000004,21.02000000000004,21.02000000000004,1.19,52,95,1014,100,1,1
381,2023-09-16 06:00:00,Seoul,21.110000000000014,21.110000000000014,21.110000000000014,1.03,48,95,1012,100,1,1
382,2023-09-16 09:00:00,Seoul,20.980000000000018,20.980000000000018,20.980000000000018,1.32,44,96,1012,100,1,1
383,2023-09-16 12:00:00,Seoul,21.03000000000003,21.03000000000003,21.03000000000003,1.29,46,94,1012,96,0,1
384,2023-09-16 15:00:00,Seoul,20.970000000000027,20.970000000000027,20.970000000000027,1.44,82,94,1012,99,0,1
385,2023-09-16 18:00:00,Seoul,20.879999999999995,20.879999999999995,20.879999999999995,0.74,78,95,1012,99,1,1
386,2023-09-16 21:00:00,Seoul,20.840000000000032,20.840000000000032,20.840000000000032,0.55,76,97,1011,100,1,0
387,2023-09-17 00:00:00,Seoul,21.07000000000005,21.07000000000005,21.07000000000005,0.64,18,97,1012,100,1,0
388,2023-09-17 03:00:00,Seoul,21.52000000000004,21.52000000000004,21.52000000000004,0.64,45,96,1011,100,1,1
389,2023-09-17 06:00:00,Seoul,21.610000000000014,21.610000000000014,21.610000000000014,0.7,46,96,1010,100,1,0
390,2023-09-17 09:00:00,Seoul,21.510000000000048,21.510000000000048,21.510000000000048,0.93,63,97,1011,100,1,0
391,2023-09-17 12:00:00,Seoul,21.24000000000001,21.24000000000001,21.24000000000001,1.18,74,97,1012,100,1,0
392,2023-09-17 15:00:00,Seoul,20.900000000000034,20.900000000000034,20.900000000000034,0.96,69,97,1011,100,1,0
393,2023-09-17 18:00:00,Seoul,20.710000000000036,20.710000000000036,20.710000000000036,0.98,90,97,1012,100,1,0
394,2023-09-17 21:00:00,Seoul,20.410000000000025,20.410000000000025,20.410000000000025,1.2,110,97,1012,96,0,0
395,2023-09-18 00:00:00,Seoul,23.439999999999998,23.439999999999998,23.439999999999998,1.07,108,85,1013,67,0,0
396,2023-09-18 03:00:00,Seoul,27.54000000000002,27.54000000000002,27.54000000000002,0.87,205,65,1012,31,1,0
397,2023-09-18 06:00:00,Seoul,29.32000000000005,29.32000000000005,29.32000000000005,2.26,249,54,1011,29,0,0
398,2023-09-18 09:00:00,Seoul,26.82000000000005,26.82000000000005,26.82000000000005,2.45,246,65,1012,40,0,0
399,2023-09-18 12:00:00,Seoul,24.450000000000045,24.450000000000045,24.450000000000045,1.51,186,75,1013,40,0,0
400,2023-09-13 15:00:00,Mumbai,28.99000000000001,27.32000000000005,28.99000000000001,3.29,274,84,1005,40,1,1
401,2023-09-13 18:00:00,Mumbai,28.410000000000025,27.25,28.410000000000025,2.37,252,83,1006,57,1,1
402,2023-09-13 21:00:00,Mumbai,27.480000000000018,26.720000000000027,27.480000000000018,3.03,216,82,1006,68,1,1
403,2023-09-14 00:00:00,Mumbai,26.620000000000005,26.620000000000005,26.620000000000005,2.48,218,81,1007,91,1,1
404,2023-09-14 03:00:00,Mumbai,27.28000000000003,27.28000000000003,27.28000000000003,2.34,208,78,1009,99,1,1
405,2023-09-14 06:00:00,Mumbai,28.32000000000005,28.32000000000005,28.32000000000005,3.84,236,72,1009,86,1,1
406,2023-09-14 09:00:00,Mumbai,28.640000000000043,28.640000000000043,28.640000000000043,4.75,252,71,1006,77,0,1
407,2023-09-14 12:00:00,Mumbai,28.140000000000043,28.140000000000043,28.140000000000043,3.93,265,75,1006,68,1,1
408,2023-09-14 15:00:00,Mumbai,27.55000000000001,27.55000000000001,27.55000000000001,3.64,257,79,1008,50,1,1
409,2023-09-14 18:00:00,Mumbai,27.360000000000014,27.360000000000014,27.360000000000014,4.14,234,80,1008,75,1,1
410,2023-09-14 21:00:00,Mumbai,27.05000000000001,27.05000000000001,27.05000000000001,5.3,240,81,1006,95,1,1
411,2023-09-15 00:00:00,Mumbai,27.110000000000014,27.110000000000014,27.110000000000014,3.94,256,80,1006,95,1,1
412,2023-09-15 03:00:00,Mumbai,27.689999999999998,27.689999999999998,27.689999999999998,5.17,273,79,1009,83,1,1
413,2023-09-15 06:00:00,Mumbai,28.180000000000007,28.180000000000007,28.180000000000007,5.08,275,77,1009,91,1,1
414,2023-09-15 09:00:00,Mumbai,27.420000000000016,27.420000000000016,27.420000000000016,4.83,274,81,1007,100,1,1
415,2023-09-15 12:00:00,Mumbai,26.980000000000018,26.980000000000018,26.980000000000018,4.22,294,81,1007,100,1,1
416,2023-09-15 15:00:00,Mumbai,27.03000000000003,27.03000000000003,27.03000000000003,2.73,261,80,1007,100,1,1
417,2023-09-15 18:00:00,Mumbai,26.930000000000007,26.930000000000007,26.930000000000007,5.03,250,83,1007,100,1,1
418,2023-09-15 21:00:00,Mumbai,26.5,26.5,26.5,5.95,256,84,1006,100,1,1
419,2023-09-16 00:00:00,Mumbai,25.74000000000001,25.74000000000001,25.74000000000001,4.41,275,83,1007,100,1,1
420,2023-09-16 03:00:00,Mumbai,25.160000000000025,25.160000000000025,25.160000000000025,3.09,280,86,1008,100,1,1
421,2023-09-16 06:00:00,Mumbai,25.920000000000016,25.920000000000016,25.920000000000016,3.56,264,82,1008,100,1,1
422,2023-09-16 09:00:00,Mumbai,25.670000000000016,25.670000000000016,25.670000000000016,4.38,267,86,1006,100,1,1
423,2023-09-16 12:00:00,Mumbai,25.850000000000023,25.850000000000023,25.850000000000023,5.56,259,78,1006,100,1,1
424,2023-09-16 15:00:00,Mumbai,26.75,26.75,26.75,4.63,267,74,1007,100,1,1
425,2023-09-16 18:00:00,Mumbai,26.04000000000002,26.04000000000002,26.04000000000002,3.04,258,78,1007,100,1,1
426,2023-09-16 21:00:00,Mumbai,25.150000000000034,25.150000000000034,25.150000000000034,2.96,189,85,1005,100,1,1
427,2023-09-17 00:00:00,Mumbai,25.04000000000002,25.04000000000002,25.04000000000002,4.22,235,88,1005,100,1,1
428,2023-09-17 03:00:00,Mumbai,25.340000000000032,25.340000000000032,25.340000000000032,5.32,277,88,1007,100,1,1
429,2023-09-17 06:00:00,Mumbai,25.24000000000001,25.24000000000001,25.24000000000001,6.18,267,90,1007,100,1,1
430,2023-09-17 09:00:00,Mumbai,25.910000000000025,25.910000000000025,25.910000000000025,5.71,261,84,1005,100,1,1
431,2023-09-17 12:00:00,Mumbai,26.439999999999998,26.439999999999998,26.439999999999998,6.43,254,80,1005,100,1,1
432,2023-09-17 15:00:00,Mumbai,26.360000000000014,26.360000000000014,26.360000000000014,5.18,248,79,1006,100,1,0
433,2023-09-17 18:00:00,Mumbai,26.29000000000002,26.29000000000002,26.29000000000002,4.74,224,81,1006,100,1,0
434,2023-09-17 21:00:00,Mumbai,26.30000000000001,26.30000000000001,26.30000000000001,4.17,208,81,1004,100,1,0
435,2023-09-18 00:00:00,Mumbai,26.140000000000043,26.140000000000043,26.140000000000043,4.25,188,82,1005,100,1,0
436,2023-09-18 03:00:00,Mumbai,26.340000000000032,26.340000000000032,26.340000000000032,4.33,178,81,1007,100,1,0
437,2023-09-18 06:00:00,Mumbai,27.210000000000036,27.210000000000036,27.210000000000036,5.26,189,79,1007,98,1,0
438,2023-09-18 09:00:00,Mumbai,26.910000000000025,26.910000000000025,26.910000000000025,7.35,219,83,1005,99,1,0
439,2023-09-18 12:00:00,Mumbai,26.57000000000005,26.57000000000005,26.57000000000005,7.2,214,85,1005,96,1,0
440,2023-09-13 15:00:00,Rome,21.32000000000005,21.32000000000005,24.879999999999995,2.26,7,95,1017,40,0,0
441,2023-09-13 18:00:00,Rome,24.439999999999998,24.439999999999998,30.689999999999998,1.9,340,77,1016,45,0,0
442,2023-09-13 21:00:00,Rome,24.57000000000005,24.57000000000005,26.189999999999998,2.01,332,73,1014,75,1,0
443,2023-09-14 00:00:00,Rome,24.04000000000002,24.04000000000002,24.04000000000002,2.99,357,64,1013,96,0,0
444,2023-09-14 03:00:00,Rome,23.220000000000027,23.220000000000027,23.220000000000027,2.95,2,59,1014,100,0,0
445,2023-09-14 06:00:00,Rome,20.82000000000005,20.82000000000005,20.82000000000005,1.88,12,66,1013,97,0,0
446,2023-09-14 09:00:00,Rome,19.600000000000023,19.600000000000023,19.600000000000023,1.7,8,68,1014,98,0,0
447,2023-09-14 12:00:00,Rome,19.32000000000005,19.32000000000005,19.32000000000005,1.68,17,71,1015,99,0,0
448,2023-09-14 15:00:00,Rome,20.010000000000048,20.010000000000048,20.010000000000048,1.91,22,69,1016,100,0,0
449,2023-09-14 18:00:00,Rome,20.78000000000003,20.78000000000003,20.78000000000003,2.42,25,70,1016,100,0,0
450,2023-09-14 21:00:00,Rome,25.0,25.0,25.0,2.59,21,57,1014,78,0,0
451,2023-09-15 00:00:00,Rome,20.980000000000018,20.980000000000018,20.980000000000018,1.81,21,75,1015,74,0,0
452,2023-09-15 03:00:00,Rome,20.930000000000007,20.930000000000007,20.930000000000007,1.55,64,72,1015,99,0,0
453,2023-09-15 06:00:00,Rome,20.220000000000027,20.220000000000027,20.220000000000027,1.65,35,76,1015,99,0,0
454,2023-09-15 09:00:00,Rome,17.55000000000001,17.55000000000001,17.55000000000001,1.73,27,84,1016,85,0,0
455,2023-09-15 12:00:00,Rome,17.410000000000025,17.410000000000025,17.410000000000025,1.68,27,80,1017,86,0,0
456,2023-09-15 15:00:00,Rome,24.640000000000043,24.640000000000043,24.640000000000043,2.76,69,60,1018,97,0,0
457,2023-09-15 18:00:00,Rome,29.52000000000004,29.52000000000004,29.52000000000004,2.35,57,45,1015,72,0,0
458,2023-09-15 21:00:00,Rome,25.960000000000036,25.960000000000036,25.960000000000036,1.85,79,59,1014,74,0,0
459,2023-09-16 00:00:00,Rome,23.650000000000034,23.650000000000034,23.650000000000034,1.69,75,66,1015,86,0,1
460,2023-09-16 03:00:00,Rome,22.120000000000005,22.120000000000005,22.120000000000005,1.64,139,72,1016,93,0,1
461,2023-09-16 06:00:00,Rome,20.160000000000025,20.160000000000025,20.160000000000025,1.14,127,84,1016,81,0,1
462,2023-09-16 09:00:00,Rome,18.140000000000043,18.140000000000043,18.140000000000043,0.69,68,95,1017,27,0,1
463,2023-09-16 12:00:00,Rome,18.439999999999998,18.439999999999998,18.439999999999998,1.2,120,94,1018,22,0,1
464,2023-09-16 15:00:00,Rome,24.480000000000018,24.480000000000018,24.480000000000018,2.22,144,62,1018,67,0,0
465,2023-09-16 18:00:00,Rome,31.420000000000016,31.420000000000016,31.420000000000016,1.38,150,39,1015,51,0,0
466,2023-09-16 21:00:00,Rome,26.54000000000002,26.54000000000002,26.54000000000002,1.09,137,58,1014,99,0,0
467,2023-09-17 00:00:00,Rome,21.129999999999995,21.129999999999995,21.129999999999995,2.04,145,83,1014,83,1,0
468,2023-09-17 03:00:00,Rome,20.060000000000002,20.060000000000002,20.060000000000002,1.13,123,94,1015,91,1,0
469,2023-09-17 06:00:00,Rome,18.660000000000025,18.660000000000025,18.660000000000025,0.36,176,98,1014,74,1,0
470,2023-09-17 09:00:00,Rome,17.980000000000018,17.980000000000018,17.980000000000018,0.98,196,98,1014,17,1,0
471,2023-09-17 12:00:00,Rome,18.180000000000007,18.180000000000007,18.180000000000007,0.37,132,98,1015,19,1,0
472,2023-09-17 15:00:00,Rome,25.24000000000001,25.24000000000001,25.24000000000001,1.19,268,71,1016,18,0,0
473,2023-09-17 18:00:00,Rome,30.80000000000001,30.80000000000001,30.80000000000001,2.42,273,41,1014,38,0,0
474,2023-09-17 21:00:00,Rome,30.730000000000018,30.730000000000018,30.730000000000018,2.66,297,37,1012,100,0,0
475,2023-09-18 00:00:00,Rome,22.99000000000001,22.99000000000001,22.99000000000001,2.3,344,54,1013,66,0,0
476,2023-09-18 03:00:00,Rome,18.670000000000016,18.670000000000016,18.670000000000016,1.64,25,62,1015,2,0,0
477,2023-09-18 06:00:00,Rome,16.74000000000001,16.74000000000001,16.74000000000001,0.65,24,65,1015,15,0,0
478,2023-09-18 09:00:00,Rome,15.760000000000048,15.760000000000048,15.760000000000048,0.44,3,66,1015,99,0,0
479,2023-09-18 12:00:00,Rome,16.150000000000034,16.150000000000034,16.150000000000034,1.38,19,66,1016,99,0,0
480,2023-09-13 15:00:00,Madrid,26.189999999999998,26.189999999999998,27.74000000000001,2.09,84,42,1019,20,0,0
481,2023-09-13 18:00:00,Madrid,26.58000000000004,26.58000000000004,27.350000000000023,1.43,34,35,1018,14,0,0
482,2023-09-13 21:00:00,Madrid,26.200000000000045,26.200000000000045,26.200000000000045,2.11,43,31,1017,7,0,1
483,2023-09-14 00:00:00,Madrid,23.220000000000027,23.220000000000027,23.220000000000027,3.5,46,43,1018,25,1,1
484,2023-09-14 03:00:00,Madrid,21.150000000000034,21.150000000000034,21.150000000000034,2.49,81,60,1017,9,1,1
485,2023-09-14 06:00:00,Madrid,19.930000000000007,19.930000000000007,19.930000000000007,2.66,55,63,1018,8,1,1
486,2023-09-14 09:00:00,Madrid,22.29000000000002,22.29000000000002,22.29000000000002,2.54,81,54,1018,39,0,0
487,2023-09-14 12:00:00,Madrid,25.79000000000002,25.79000000000002,25.79000000000002,2.18,100,42,1016,42,0,1
488,2023-09-14 15:00:00,Madrid,28.370000000000005,28.370000000000005,28.370000000000005,1.6,121,31,1014,7,0,1
489,2023-09-14 18:00:00,Madrid,27.840000000000032,27.840000000000032,27.840000000000032,2.33,176,32,1012,4,0,1
490,2023-09-14 21:00:00,Madrid,25.32000000000005,25.32000000000005,25.32000000000005,2.1,160,41,1014,94,1,1
491,2023-09-15 00:00:00,Madrid,23.120000000000005,23.120000000000005,23.120000000000005,3.01,130,59,1014,96,1,1
492,2023-09-15 03:00:00,Madrid,20.980000000000018,20.980000000000018,20.980000000000018,4.09,126,70,1013,94,1,1
493,2023-09-15 06:00:00,Madrid,19.78000000000003,19.78000000000003,19.78000000000003,3.04,77,75,1013,85,1,1
494,2023-09-15 09:00:00,Madrid,21.54000000000002,21.54000000000002,21.54000000000002,2.68,98,68,1013,86,0,0
495,2023-09-15 12:00:00,Madrid,25.090000000000032,25.090000000000032,25.090000000000032,1.87,148,52,1011,93,1,1
496,2023-09-15 15:00:00,Madrid,27.400000000000034,27.400000000000034,27.400000000000034,6.11,218,43,1009,68,1,1
497,2023-09-15 18:00:00,Madrid,22.120000000000005,22.120000000000005,22.120000000000005,4.1,168,48,1009,68,1,1
498,2023-09-15 21:00:00,Madrid,21.83000000000004,21.83000000000004,21.83000000000004,2.84,82,54,1010,44,1,1
499,2023-09-16 00:00:00,Madrid,20.07000000000005,20.07000000000005,20.07000000000005,2.24,119,68,1010,41,1,0
500,2023-09-16 03:00:00,Madrid,18.939999999999998,18.939999999999998,18.939999999999998,3.3,116,72,1008,100,1,1
501,2023-09-16 06:00:00,Madrid,18.660000000000025,18.660000000000025,18.660000000000025,1.61,181,75,1008,69,1,1
502,2023-09-16 09:00:00,Madrid,20.090000000000032,20.090000000000032,20.090000000000032,4.21,192,62,1009,89,0,0
503,2023-09-16 12:00:00,Madrid,21.970000000000027,21.970000000000027,21.970000000000027,4.8,195,54,1008,94,1,0
504,2023-09-16 15:00:00,Madrid,21.360000000000014,21.360000000000014,21.360000000000014,5.31,219,55,1008,100,1,0
505,2023-09-16 18:00:00,Madrid,18.260000000000048,18.260000000000048,18.260000000000048,7.33,259,65,1009,100,1,0
506,2023-09-16 21:00:00,Madrid,17.5,17.5,17.5,2.86,225,68,1011,100,1,0
507,2023-09-17 00:00:00,Madrid,17.05000000000001,17.05000000000001,17.05000000000001,3.87,208,72,1011,100,0,0
508,2023-09-17 03:00:00,Madrid,16.32000000000005,16.32000000000005,16.32000000000005,5.12,211,75,1010,100,1,0
509,2023-09-17 06:00:00,Madrid,14.980000000000018,14.980000000000018,14.980000000000018,5.33,221,72,1012,100,1,0
510,2023-09-17 09:00:00,Madrid,15.57000000000005,15.57000000000005,15.57000000000005,6.19,222,57,1014,21,0,0
511,2023-09-17 12:00:00,Madrid,18.720000000000027,18.720000000000027,18.720000000000027,7.09,224,41,1014,16,0,0
512,2023-09-17 15:00:00,Madrid,20.129999999999995,20.129999999999995,20.129999999999995,7.97,233,37,1013,23,0,0
513,2023-09-17 18:00:00,Madrid,17.670000000000016,17.670000000000016,17.670000000000016,6.08,238,50,1015,55,0,0
514,2023-09-17 21:00:00,Madrid,16.07000000000005,16.07000000000005,16.07000000000005,5.95,233,64,1018,28,0,0
515,2023-09-18 00:00:00,Madrid,15.100000000000023,15.100000000000023,15.100000000000023,3.83,221,73,1018,23,0,0
516,2023-09-18 03:00:00,Madrid,14.470000000000027,14.470000000000027,14.470000000000027,2.85,242,78,1018,100,0,0
517,2023-09-18 06:00:00,Madrid,15.110000000000014,15.110000000000014,15.110000000000014,0.13,133,71,1018,100,0,0
518,2023-09-18 09:00:00,Madrid,16.710000000000036,16.710000000000036,16.710000000000036,1.43,79,65,1019,100,0,0
519,2023-09-18 12:00:00,Madrid,19.310000000000002,19.310000000000002,19.310000000000002,0.91,136,54,1019,100,0,0
520,2023-09-13 15:00:00,Mexico City,15.170000000000016,15.170000000000016,18.08000000000004,1.68,22,72,1023,40,0,0
521,2023-09-13 18:00:00,Mexico City,17.939999999999998,17.939999999999998,23.480000000000018,2.23,23,60,1021,31,0,0
522,2023-09-13 21:00:00,Mexico City,22.24000000000001,22.24000000000001,25.77000000000004,2.83,11,42,1015,25,0,0
523,2023-09-14 00:00:00,Mexico City,23.370000000000005,23.370000000000005,23.370000000000005,3.46,5,37,1011,52,1,1
524,2023-09-14 03:00:00,Mexico City,19.27000000000004,19.27000000000004,19.27000000000004,2.47,11,63,1016,93,0,1
525,2023-09-14 06:00:00,Mexico City,17.220000000000027,17.220000000000027,17.220000000000027,1.78,2,74,1017,71,1,1
526,2023-09-14 09:00:00,Mexico City,15.920000000000016,15.920000000000016,15.920000000000016,1.25,10,79,1016,29,0,0
527,2023-09-14 12:00:00,Mexico City,14.870000000000005,14.870000000000005,14.870000000000005,0.75,16,83,1018,30,0,0
528,2023-09-14 15:00:00,Mexico City,18.860000000000014,18.860000000000014,18.860000000000014,1.1,32,65,1018,9,0,0
529,2023-09-14 18:00:00,Mexico City,24.5,24.5,24.5,1.9,20,37,1015,6,0,0
530,2023-09-14 21:00:00,Mexico City,26.150000000000034,26.150000000000034,26.150000000000034,2.57,22,28,1011,13,0,0
531,2023-09-15 00:00:00,Mexico City,23.730000000000018,23.730000000000018,23.730000000000018,3.19,22,41,1011,34,1,1
532,2023-09-15 03:00:00,Mexico City,19.560000000000002,19.560000000000002,19.560000000000002,2.25,24,63,1015,87,1,1
533,2023-09-15 06:00:00,Mexico City,17.430000000000007,17.430000000000007,17.430000000000007,1.82,13,74,1017,86,1,1
534,2023-09-15 09:00:00,Mexico City,16.07000000000005,16.07000000000005,16.07000000000005,1.65,357,80,1016,28,0,1
535,2023-09-15 12:00:00,Mexico City,15.04000000000002,15.04000000000002,15.04000000000002,1.19,19,81,1018,20,0,0
536,2023-09-15 15:00:00,Mexico City,18.78000000000003,18.78000000000003,18.78000000000003,1.4,17,60,1018,10,0,0
537,2023-09-15 18:00:00,Mexico City,24.379999999999995,24.379999999999995,24.379999999999995,2.08,19,36,1014,22,0,1
538,2023-09-15 21:00:00,Mexico City,26.83000000000004,26.83000000000004,26.83000000000004,2.26,15,28,1009,16,0,1
539,2023-09-16 00:00:00,Mexico City,22.010000000000048,22.010000000000048,22.010000000000048,3.31,38,50,1012,52,1,1
540,2023-09-16 03:00:00,Mexico City,18.5,18.5,18.5,2.38,33,68,1016,51,1,1
541,2023-09-16 06:00:00,Mexico City,16.75,16.75,16.75,1.51,8,76,1018,52,1,1
542,2023-09-16 09:00:00,Mexico City,15.590000000000032,15.590000000000032,15.590000000000032,1.51,2,80,1017,99,1,1
543,2023-09-16 12:00:00,Mexico City,14.870000000000005,14.870000000000005,14.870000000000005,1.22,10,83,1018,98,0,1
544,2023-09-16 15:00:00,Mexico City,18.05000000000001,18.05000000000001,18.05000000000001,1.15,11,68,1019,95,0,1
545,2023-09-16 18:00:00,Mexico City,23.610000000000014,23.610000000000014,23.610000000000014,2.34,18,41,1016,60,1,1
546,2023-09-16 21:00:00,Mexico City,25.08000000000004,25.08000000000004,25.08000000000004,1.99,71,33,1011,27,1,1
547,2023-09-17 00:00:00,Mexico City,21.010000000000048,21.010000000000048,21.010000000000048,2.48,40,52,1013,64,1,1
548,2023-09-17 03:00:00,Mexico City,18.410000000000025,18.410000000000025,18.410000000000025,1.99,38,66,1016,91,1,1
549,2023-09-17 06:00:00,Mexico City,16.160000000000025,16.160000000000025,16.160000000000025,1.05,7,78,1018,59,1,1
550,2023-09-17 09:00:00,Mexico City,14.720000000000027,14.720000000000027,14.720000000000027,1.24,35,87,1018,32,1,1
551,2023-09-17 12:00:00,Mexico City,14.5,14.5,14.5,1.12,358,88,1019,35,1,0
552,2023-09-17 15:00:00,Mexico City,17.260000000000048,17.260000000000048,17.260000000000048,1.18,17,74,1020,50,1,0
553,2023-09-17 18:00:00,Mexico City,22.650000000000034,22.650000000000034,22.650000000000034,1.63,61,52,1016,53,1,0
554,2023-09-17 21:00:00,Mexico City,22.879999999999995,22.879999999999995,22.879999999999995,0.89,68,47,1012,89,1,0
555,2023-09-18 00:00:00,Mexico City,19.52000000000004,19.52000000000004,19.52000000000004,1.34,14,61,1014,94,1,0
556,2023-09-18 03:00:00,Mexico City,17.420000000000016,17.420000000000016,17.420000000000016,1.26,2,74,1018,96,1,0
557,2023-09-18 06:00:00,Mexico City,15.760000000000048,15.760000000000048,15.760000000000048,1.08,360,82,1019,83,1,0
558,2023-09-18 09:00:00,Mexico City,14.950000000000045,14.950000000000045,14.950000000000045,1.41,15,86,1018,70,1,0
559,2023-09-18 12:00:00,Mexico City,14.160000000000025,14.160000000000025,14.160000000000025,1.3,17,88,1019,73,0,0
560,2023-09-13 15:00:00,Shanghai,23.140000000000043,23.140000000000043,23.480000000000018,0.99,201,88,1007,75,0,1
561,2023-09-13 18:00:00,Shanghai,23.30000000000001,23.30000000000001,23.620000000000005,0.86,344,92,1007,83,1,1
562,2023-09-13 21:00:00,Shanghai,23.390000000000043,23.390000000000043,23.52000000000004,4.97,21,93,1007,92,1,0
563,2023-09-14 00:00:00,Shanghai,23.74000000000001,23.74000000000001,23.74000000000001,4.53,13,93,1009,100,1,1
564,2023-09-14 03:00:00,Shanghai,24.79000000000002,24.79000000000002,24.79000000000002,3.72,6,90,1010,100,1,1
565,2023-09-14 06:00:00,Shanghai,24.430000000000007,24.430000000000007,24.430000000000007,4.23,355,93,1009,100,1,1
566,2023-09-14 09:00:00,Shanghai,23.850000000000023,23.850000000000023,23.850000000000023,2.22,347,98,1009,100,1,1
567,2023-09-14 12:00:00,Shanghai,23.53000000000003,23.53000000000003,23.53000000000003,1.03,293,98,1010,100,1,1
568,2023-09-14 15:00:00,Shanghai,23.450000000000045,23.450000000000045,23.450000000000045,1.28,223,99,1010,100,1,1
569,2023-09-14 18:00:00,Shanghai,23.02000000000004,23.02000000000004,23.02000000000004,2.03,214,99,1010,100,1,1
570,2023-09-14 21:00:00,Shanghai,22.810000000000002,22.810000000000002,22.810000000000002,1.9,215,98,1010,100,0,1
571,2023-09-15 00:00:00,Shanghai,23.200000000000045,23.200000000000045,23.200000000000045,1.5,228,97,1011,100,1,1
572,2023-09-15 03:00:00,Shanghai,23.710000000000036,23.710000000000036,23.710000000000036,1.14,302,95,1011,100,1,1
573,2023-09-15 06:00:00,Shanghai,25.720000000000027,25.720000000000027,25.720000000000027,1.85,333,84,1010,99,1,1
574,2023-09-15 09:00:00,Shanghai,24.860000000000014,24.860000000000014,24.860000000000014,2.01,344,87,1010,99,1,1
575,2023-09-15 12:00:00,Shanghai,23.629999999999995,23.629999999999995,23.629999999999995,1.32,344,93,1012,99,1,1
576,2023-09-15 15:00:00,Shanghai,23.220000000000027,23.220000000000027,23.220000000000027,1.3,12,96,1011,99,1,1
577,2023-09-15 18:00:00,Shanghai,22.79000000000002,22.79000000000002,22.79000000000002,1.64,322,98,1010,99,1,1
578,2023-09-15 21:00:00,Shanghai,22.5,22.5,22.5,2.44,332,98,1011,100,1,1
579,2023-09-16 00:00:00,Shanghai,22.470000000000027,22.470000000000027,22.470000000000027,2.31,27,96,1012,100,1,0
580,2023-09-16 03:00:00,Shanghai,24.49000000000001,24.49000000000001,24.49000000000001,1.76,10,87,1012,92,1,1
581,2023-09-16 06:00:00,Shanghai,26.29000000000002,26.29000000000002,26.29000000000002,1.83,25,75,1010,96,1,1
582,2023-09-16 09:00:00,Shanghai,25.689999999999998,25.689999999999998,25.689999999999998,0.75,49,81,1010,100,1,1
583,2023-09-16 12:00:00,Shanghai,23.910000000000025,23.910000000000025,23.910000000000025,1.04,58,92,1011,100,1,0
584,2023-09-16 15:00:00,Shanghai,23.650000000000034,23.650000000000034,23.650000000000034,1.09,126,94,1010,100,1,0
585,2023-09-16 18:00:00,Shanghai,22.390000000000043,22.390000000000043,22.390000000000043,1.44,233,96,1010,99,1,0
586,2023-09-16 21:00:00,Shanghai,21.980000000000018,21.980000000000018,21.980000000000018,1.61,275,97,1010,50,1,0
587,2023-09-17 00:00:00,Shanghai,24.340000000000032,24.340000000000032,24.340000000000032,1.27,290,87,1011,26,0,0
588,2023-09-17 03:00:00,Shanghai,28.560000000000002,28.560000000000002,28.560000000000002,0.97,278,66,1011,5,1,0
589,2023-09-17 06:00:00,Shanghai,26.680000000000007,26.680000000000007,26.680000000000007,0.99,49,80,1009,37,1,0
590,2023-09-17 09:00:00,Shanghai,26.670000000000016,26.670000000000016,26.670000000000016,0.38,50,79,1009,47,1,1
591,2023-09-17 12:00:00,Shanghai,24.460000000000036,24.460000000000036,24.460000000000036,1.18,129,88,1010,23,0,0
592,2023-09-17 15:00:00,Shanghai,23.53000000000003,23.53000000000003,23.53000000000003,1.62,170,92,1010,0,0,0
593,2023-09-17 18:00:00,Shanghai,22.960000000000036,22.960000000000036,22.960000000000036,0.79,242,93,1010,0,0,0
594,2023-09-17 21:00:00,Shanghai,22.640000000000043,22.640000000000043,22.640000000000043,0.82,316,94,1011,0,0,0
595,2023-09-18 00:00:00,Shanghai,25.620000000000005,25.620000000000005,25.620000000000005,0.97,23,81,1012,0,0,0
596,2023-09-18 03:00:00,Shanghai,29.78000000000003,29.78000000000003,29.78000000000003,1.42,56,61,1011,3,0,0
597,2023-09-18 06:00:00,Shanghai,28.640000000000043,28.640000000000043,28.640000000000043,2.37,84,65,1010,39,0,0
598,2023-09-18 09:00:00,Shanghai,27.49000000000001,27.49000000000001,27.49000000000001,2.58,106,73,1010,67,1,0
599,2023-09-18 12:00:00,Shanghai,24.980000000000018,24.980000000000018,24.980000000000018,1.86,129,83,1011,72,0,0
600,2023-09-13 15:00:00,Rio de Janeiro,29.650000000000034,29.650000000000034,31.57000000000005,0.74,353,50,1013,0,0,0
601,2023-09-13 18:00:00,Rio de Janeiro,30.5,30.5,31.410000000000025,4.55,82,47,1010,0,0,0
602,2023-09-13 21:00:00,Rio de Janeiro,27.27000000000004,27.27000000000004,27.27000000000004,3.02,100,57,1009,0,0,1
603,2023-09-14 00:00:00,Rio de Janeiro,26.340000000000032,26.340000000000032,26.340000000000032,2.93,37,56,1010,0,0,1
604,2023-09-14 03:00:00,Rio de Janeiro,25.150000000000034,25.150000000000034,25.150000000000034,2.77,28,55,1009,0,0,1
605,2023-09-14 06:00:00,Rio de Janeiro,24.680000000000007,24.680000000000007,24.680000000000007,2.82,10,55,1007,0,0,1
606,2023-09-14 09:00:00,Rio de Janeiro,24.310000000000002,24.310000000000002,24.310000000000002,3.0,357,55,1008,0,0,1
607,2023-09-14 12:00:00,Rio de Janeiro,27.129999999999995,27.129999999999995,27.129999999999995,5.21,268,58,1013,18,0,1
608,2023-09-14 15:00:00,Rio de Janeiro,29.0,29.0,29.0,3.82,220,55,1012,7,0,1
609,2023-09-14 18:00:00,Rio de Janeiro,26.52000000000004,26.52000000000004,26.52000000000004,5.32,209,66,1013,6,0,1
610,2023-09-14 21:00:00,Rio de Janeiro,22.470000000000027,22.470000000000027,22.470000000000027,4.69,206,87,1016,76,1,1
611,2023-09-15 00:00:00,Rio de Janeiro,20.960000000000036,20.960000000000036,20.960000000000036,3.57,199,90,1019,88,1,1
612,2023-09-15 03:00:00,Rio de Janeiro,20.07000000000005,20.07000000000005,20.07000000000005,2.78,182,92,1019,100,1,1
613,2023-09-15 06:00:00,Rio de Janeiro,19.04000000000002,19.04000000000002,19.04000000000002,2.21,183,93,1018,100,1,0
614,2023-09-15 09:00:00,Rio de Janeiro,18.960000000000036,18.960000000000036,18.960000000000036,2.0,193,95,1019,100,1,0
615,2023-09-15 12:00:00,Rio de Janeiro,19.400000000000034,19.400000000000034,19.400000000000034,2.31,161,90,1021,100,1,0
616,2023-09-15 15:00:00,Rio de Janeiro,19.27000000000004,19.27000000000004,19.27000000000004,1.72,181,86,1021,100,1,0
617,2023-09-15 18:00:00,Rio de Janeiro,18.730000000000018,18.730000000000018,18.730000000000018,1.37,173,88,1019,100,1,0
618,2023-09-15 21:00:00,Rio de Janeiro,18.510000000000048,18.510000000000048,18.510000000000048,1.59,131,91,1020,100,1,0
619,2023-09-16 00:00:00,Rio de Janeiro,18.650000000000034,18.650000000000034,18.650000000000034,2.53,69,93,1022,100,1,0
620,2023-09-16 03:00:00,Rio de Janeiro,18.560000000000002,18.560000000000002,18.560000000000002,1.54,59,91,1021,100,1,0
621,2023-09-16 06:00:00,Rio de Janeiro,18.650000000000034,18.650000000000034,18.650000000000034,2.03,62,90,1019,99,0,0
622,2023-09-16 09:00:00,Rio de Janeiro,18.54000000000002,18.54000000000002,18.54000000000002,2.31,57,91,1019,99,0,0
623,2023-09-16 12:00:00,Rio de Janeiro,21.760000000000048,21.760000000000048,21.760000000000048,1.87,57,77,1020,54,0,0
624,2023-09-16 15:00:00,Rio de Janeiro,25.350000000000023,25.350000000000023,25.350000000000023,2.28,121,64,1018,8,0,0
625,2023-09-16 18:00:00,Rio de Janeiro,26.129999999999995,26.129999999999995,26.129999999999995,3.49,110,67,1016,7,0,0
626,2023-09-16 21:00:00,Rio de Janeiro,23.390000000000043,23.390000000000043,23.390000000000043,3.34,94,81,1016,4,0,0
627,2023-09-17 00:00:00,Rio de Janeiro,22.700000000000045,22.700000000000045,22.700000000000045,2.64,68,84,1017,2,0,0
628,2023-09-17 03:00:00,Rio de Janeiro,22.180000000000007,22.180000000000007,22.180000000000007,1.68,18,83,1016,0,0,0
629,2023-09-17 06:00:00,Rio de Janeiro,21.600000000000023,21.600000000000023,21.600000000000023,1.8,16,82,1015,0,0,0
630,2023-09-17 09:00:00,Rio de Janeiro,21.28000000000003,21.28000000000003,21.28000000000003,1.76,8,82,1017,0,0,0
631,2023-09-17 12:00:00,Rio de Janeiro,26.180000000000007,26.180000000000007,26.180000000000007,1.63,33,65,1018,0,0,0
632,2023-09-17 15:00:00,Rio de Janeiro,29.400000000000034,29.400000000000034,29.400000000000034,2.42,116,55,1016,0,0,0
633,2023-09-17 18:00:00,Rio de Janeiro,29.0,29.0,29.0,3.53,117,59,1014,0,0,0
634,2023-09-17 21:00:00,Rio de Janeiro,25.610000000000014,25.610000000000014,25.610000000000014,3.08,97,73,1014,0,0,0
635,2023-09-18 00:00:00,Rio de Janeiro,24.5,24.5,24.5,2.76,66,77,1016,0,0,0
636,2023-09-18 03:00:00,Rio de Janeiro,23.230000000000018,23.230000000000018,23.230000000000018,2.41,59,79,1016,0,0,0
637,2023-09-18 06:00:00,Rio de Janeiro,22.29000000000002,22.29000000000002,22.29000000000002,2.24,42,79,1015,0,0,0
638,2023-09-18 09:00:00,Rio de Janeiro,21.82000000000005,21.82000000000005,21.82000000000005,2.02,25,79,1016,0,0,0
639,2023-09-18 12:00:00,Rio de Janeiro,26.920000000000016,26.920000000000016,26.920000000000016,1.81,19,60,1017,0,0,0
640,2023-09-13 15:00:00,Los Angeles,19.30000000000001,19.30000000000001,20.52000000000004,1.93,149,82,1017,100,0,0
641,2023-09-13 18:00:00,Los Angeles,21.090000000000032,21.090000000000032,24.680000000000007,3.07,164,72,1016,67,0,0
642,2023-09-13 21:00:00,Los Angeles,24.640000000000043,24.640000000000043,27.310000000000002,3.98,181,56,1014,33,0,0
643,2023-09-14 00:00:00,Los Angeles,26.74000000000001,26.74000000000001,26.74000000000001,3.38,193,44,1011,0,0,0
644,2023-09-14 03:00:00,Los Angeles,23.140000000000043,23.140000000000043,23.140000000000043,2.64,179,58,1012,0,0,0
645,2023-09-14 06:00:00,Los Angeles,21.379999999999995,21.379999999999995,21.379999999999995,2.18,154,66,1013,0,0,0
646,2023-09-14 09:00:00,Los Angeles,20.28000000000003,20.28000000000003,20.28000000000003,1.97,157,72,1013,0,0,0
647,2023-09-14 12:00:00,Los Angeles,19.79000000000002,19.79000000000002,19.79000000000002,1.69,162,73,1013,0,0,0
648,2023-09-14 15:00:00,Los Angeles,20.510000000000048,20.510000000000048,20.510000000000048,1.46,176,69,1014,0,0,0
649,2023-09-14 18:00:00,Los Angeles,24.680000000000007,24.680000000000007,24.680000000000007,2.6,187,49,1014,0,0,0
650,2023-09-14 21:00:00,Los Angeles,27.78000000000003,27.78000000000003,27.78000000000003,4.1,213,39,1012,0,0,0
651,2023-09-15 00:00:00,Los Angeles,26.450000000000045,26.450000000000045,26.450000000000045,3.25,228,44,1011,0,0,0
652,2023-09-15 03:00:00,Los Angeles,22.810000000000002,22.810000000000002,22.810000000000002,2.43,216,61,1013,0,0,0
653,2023-09-15 06:00:00,Los Angeles,21.730000000000018,21.730000000000018,21.730000000000018,1.89,203,67,1014,0,0,0
654,2023-09-15 09:00:00,Los Angeles,20.77000000000004,20.77000000000004,20.77000000000004,1.65,213,72,1013,0,0,0
655,2023-09-15 12:00:00,Los Angeles,20.25,20.25,20.25,1.3,230,73,1013,0,0,0
656,2023-09-15 15:00:00,Los Angeles,20.900000000000034,20.900000000000034,20.900000000000034,1.73,208,71,1014,0,0,0
657,2023-09-15 18:00:00,Los Angeles,24.660000000000025,24.660000000000025,24.660000000000025,2.03,204,55,1015,0,0,0
658,2023-09-15 21:00:00,Los Angeles,28.08000000000004,28.08000000000004,28.08000000000004,3.55,223,43,1013,0,0,0
659,2023-09-16 00:00:00,Los Angeles,25.670000000000016,25.670000000000016,25.670000000000016,4.12,237,52,1012,0,0,0
660,2023-09-16 03:00:00,Los Angeles,22.25,22.25,22.25,2.83,214,67,1013,0,0,0
661,2023-09-16 06:00:00,Los Angeles,21.510000000000048,21.510000000000048,21.510000000000048,1.77,201,68,1014,0,0,0
662,2023-09-16 09:00:00,Los Angeles,20.730000000000018,20.730000000000018,20.730000000000018,1.96,226,71,1013,0,0,0
663,2023-09-16 12:00:00,Los Angeles,20.05000000000001,20.05000000000001,20.05000000000001,1.33,209,74,1013,0,0,0
664,2023-09-16 15:00:00,Los Angeles,21.0,21.0,21.0,1.59,215,69,1014,0,0,0
665,2023-09-16 18:00:00,Los Angeles,24.910000000000025,24.910000000000025,24.910000000000025,2.56,203,54,1014,0,0,0
666,2023-09-16 21:00:00,Los Angeles,27.680000000000007,27.680000000000007,27.680000000000007,4.01,229,45,1013,0,0,0
667,2023-09-17 00:00:00,Los Angeles,25.30000000000001,25.30000000000001,25.30000000000001,4.42,234,52,1013,0,0,0
668,2023-09-17 03:00:00,Los Angeles,22.58000000000004,22.58000000000004,22.58000000000004,3.09,209,62,1014,27,0,0
669,2023-09-17 06:00:00,Los Angeles,21.32000000000005,21.32000000000005,21.32000000000005,2.15,214,66,1014,47,0,0
670,2023-09-17 09:00:00,Los Angeles,20.510000000000048,20.510000000000048,20.510000000000048,1.32,199,70,1014,2,0,0
671,2023-09-17 12:00:00,Los Angeles,20.210000000000036,20.210000000000036,20.210000000000036,1.34,167,71,1014,1,0,0
672,2023-09-17 15:00:00,Los Angeles,20.470000000000027,20.470000000000027,20.470000000000027,1.65,163,70,1015,0,0,0
673,2023-09-17 18:00:00,Los Angeles,24.32000000000005,24.32000000000005,24.32000000000005,2.75,192,54,1015,0,0,0
674,2023-09-17 21:00:00,Los Angeles,26.78000000000003,26.78000000000003,26.78000000000003,4.16,227,43,1014,0,0,0
675,2023-09-18 00:00:00,Los Angeles,24.760000000000048,24.760000000000048,24.760000000000048,3.98,235,48,1013,0,0,0
676,2023-09-18 03:00:00,Los Angeles,22.220000000000027,22.220000000000027,22.220000000000027,2.89,217,55,1014,0,0,0
677,2023-09-18 06:00:00,Los Angeles,20.75,20.75,20.75,2.06,195,61,1015,0,0,0
678,2023-09-18 09:00:00,Los Angeles,19.939999999999998,19.939999999999998,19.939999999999998,1.42,158,64,1014,0,0,0
679,2023-09-18 12:00:00,Los Angeles,19.420000000000016,19.420000000000016,19.420000000000016,1.95,145,67,1014,0,0,0
680,2023-09-13 15:00:00,Buenos Aires,14.129999999999995,13.550000000000011,14.129999999999995,0.64,16,56,1023,47,0,0
681,2023-09-13 18:00:00,Buenos Aires,14.350000000000023,14.32000000000005,14.350000000000023,1.57,95,51,1022,66,0,0
682,2023-09-13 21:00:00,Buenos Aires,14.120000000000005,14.120000000000005,14.120000000000005,2.3,114,50,1020,42,0,0
683,2023-09-14 00:00:00,Buenos Aires,12.050000000000011,12.050000000000011,12.050000000000011,3.89,76,67,1022,23,0,0
684,2023-09-14 03:00:00,Buenos Aires,11.150000000000034,11.150000000000034,11.150000000000034,2.67,57,63,1022,0,0,0
685,2023-09-14 06:00:00,Buenos Aires,10.160000000000025,10.160000000000025,10.160000000000025,2.24,29,66,1021,0,0,0
686,2023-09-14 09:00:00,Buenos Aires,9.340000000000032,9.340000000000032,9.340000000000032,2.79,331,69,1021,0,0,0
687,2023-09-14 12:00:00,Buenos Aires,10.760000000000048,10.760000000000048,10.760000000000048,3.22,333,61,1022,2,0,0
688,2023-09-14 15:00:00,Buenos Aires,14.110000000000014,14.110000000000014,14.110000000000014,3.63,355,52,1021,78,0,0
689,2023-09-14 18:00:00,Buenos Aires,15.870000000000005,15.870000000000005,15.870000000000005,3.56,10,48,1019,85,0,0
690,2023-09-14 21:00:00,Buenos Aires,15.54000000000002,15.54000000000002,15.54000000000002,3.54,14,55,1018,87,0,0
691,2023-09-15 00:00:00,Buenos Aires,14.150000000000034,14.150000000000034,14.150000000000034,4.05,4,63,1018,93,0,0
692,2023-09-15 03:00:00,Buenos Aires,13.260000000000048,13.260000000000048,13.260000000000048,6.63,353,61,1017,90,0,0
693,2023-09-15 06:00:00,Buenos Aires,12.700000000000045,12.700000000000045,12.700000000000045,7.73,338,63,1015,64,0,0
694,2023-09-15 09:00:00,Buenos Aires,12.5,12.5,12.5,7.25,333,62,1014,6,0,0
695,2023-09-15 12:00:00,Buenos Aires,13.810000000000002,13.810000000000002,13.810000000000002,7.5,333,59,1015,5,0,0
696,2023-09-15 15:00:00,Buenos Aires,18.379999999999995,18.379999999999995,18.379999999999995,6.85,331,48,1013,9,0,0
697,2023-09-15 18:00:00,Buenos Aires,20.52000000000004,20.52000000000004,20.52000000000004,6.33,339,46,1009,52,0,0
698,2023-09-15 21:00:00,Buenos Aires,19.390000000000043,19.390000000000043,19.390000000000043,6.75,354,52,1007,93,0,0
699,2023-09-16 00:00:00,Buenos Aires,17.680000000000007,17.680000000000007,17.680000000000007,7.48,352,57,1007,96,0,0
700,2023-09-16 03:00:00,Buenos Aires,16.379999999999995,16.379999999999995,16.379999999999995,8.32,346,62,1007,96,0,0
701,2023-09-16 06:00:00,Buenos Aires,15.580000000000041,15.580000000000041,15.580000000000041,8.29,343,63,1006,66,0,0
702,2023-09-16 09:00:00,Buenos Aires,15.060000000000002,15.060000000000002,15.060000000000002,7.17,335,63,1005,2,0,0
703,2023-09-16 12:00:00,Buenos Aires,16.350000000000023,16.350000000000023,16.350000000000023,4.33,306,58,1008,1,0,0
704,2023-09-16 15:00:00,Buenos Aires,20.100000000000023,20.100000000000023,20.100000000000023,3.26,300,47,1008,0,0,0
705,2023-09-16 18:00:00,Buenos Aires,21.340000000000032,21.340000000000032,21.340000000000032,0.66,7,48,1006,0,0,1
706,2023-09-16 21:00:00,Buenos Aires,20.49000000000001,20.49000000000001,20.49000000000001,3.21,112,53,1006,0,0,1
707,2023-09-17 00:00:00,Buenos Aires,17.610000000000014,17.610000000000014,17.610000000000014,4.47,119,62,1008,0,0,1
708,2023-09-17 03:00:00,Buenos Aires,16.170000000000016,16.170000000000016,16.170000000000016,4.01,78,69,1009,0,0,1
709,2023-09-17 06:00:00,Buenos Aires,15.360000000000014,15.360000000000014,15.360000000000014,3.72,74,78,1008,1,0,1
710,2023-09-17 09:00:00,Buenos Aires,14.800000000000011,14.800000000000011,14.800000000000011,3.13,75,89,1007,2,0,0
711,2023-09-17 12:00:00,Buenos Aires,16.650000000000034,16.650000000000034,16.650000000000034,4.3,78,80,1008,3,0,1
712,2023-09-17 15:00:00,Buenos Aires,19.210000000000036,19.210000000000036,19.210000000000036,5.16,102,72,1006,25,0,0
713,2023-09-17 18:00:00,Buenos Aires,19.350000000000023,19.350000000000023,19.350000000000023,3.75,94,83,1002,55,1,0
714,2023-09-17 21:00:00,Buenos Aires,18.78000000000003,18.78000000000003,18.78000000000003,3.93,130,86,1002,91,1,0
715,2023-09-18 00:00:00,Buenos Aires,17.02000000000004,17.02000000000004,17.02000000000004,4.59,153,96,1004,96,1,0
716,2023-09-18 03:00:00,Buenos Aires,16.890000000000043,16.890000000000043,16.890000000000043,3.61,184,98,1005,100,1,0
717,2023-09-18 06:00:00,Buenos Aires,15.300000000000011,15.300000000000011,15.300000000000011,5.81,178,98,1008,100,1,0
718,2023-09-18 09:00:00,Buenos Aires,14.260000000000048,14.260000000000048,14.260000000000048,6.64,175,96,1008,100,0,0
719,2023-09-18 12:00:00,Buenos Aires,14.390000000000043,14.390000000000043,14.390000000000043,5.11,139,95,1013,100,1,0
720,2023-09-13 15:00:00,Sydney,13.330000000000041,13.330000000000041,13.350000000000023,2.18,297,83,1028,7,0,0
721,2023-09-13 18:00:00,Sydney,13.010000000000048,12.360000000000014,13.010000000000048,2.68,299,79,1028,7,0,0
722,2023-09-13 21:00:00,Sydney,13.150000000000034,13.060000000000002,13.150000000000034,2.53,296,71,1029,8,0,0
723,2023-09-14 00:00:00,Sydney,19.870000000000005,19.870000000000005,19.870000000000005,1.35,338,41,1029,11,0,0
724,2023-09-14 03:00:00,Sydney,20.730000000000018,20.730000000000018,20.730000000000018,3.98,74,44,1027,12,0,0
725,2023-09-14 06:00:00,Sydney,19.54000000000002,19.54000000000002,19.54000000000002,4.39,58,51,1026,34,0,0
726,2023-09-14 09:00:00,Sydney,16.360000000000014,16.360000000000014,16.360000000000014,3.78,31,68,1027,83,0,0
727,2023-09-14 12:00:00,Sydney,15.25,15.25,15.25,3.34,359,70,1027,89,0,0
728,2023-09-14 15:00:00,Sydney,14.550000000000011,14.550000000000011,14.550000000000011,2.69,339,64,1026,100,0,0
729,2023-09-14 18:00:00,Sydney,14.129999999999995,14.129999999999995,14.129999999999995,2.58,321,54,1025,100,0,0
730,2023-09-14 21:00:00,Sydney,14.78000000000003,14.78000000000003,14.78000000000003,2.75,328,47,1026,100,0,0
731,2023-09-15 00:00:00,Sydney,21.379999999999995,21.379999999999995,21.379999999999995,2.98,3,34,1024,100,0,0
732,2023-09-15 03:00:00,Sydney,22.910000000000025,22.910000000000025,22.910000000000025,5.42,44,41,1022,100,0,0
733,2023-09-15 06:00:00,Sydney,21.680000000000007,21.680000000000007,21.680000000000007,6.93,45,52,1020,83,0,0
734,2023-09-15 09:00:00,Sydney,18.439999999999998,18.439999999999998,18.439999999999998,5.35,19,64,1021,7,0,0
735,2023-09-15 12:00:00,Sydney,17.460000000000036,17.460000000000036,17.460000000000036,2.28,352,61,1023,10,0,0
736,2023-09-15 15:00:00,Sydney,16.939999999999998,16.939999999999998,16.939999999999998,2.89,306,54,1022,5,0,0
737,2023-09-15 18:00:00,Sydney,16.05000000000001,16.05000000000001,16.05000000000001,3.15,307,56,1021,8,0,0
738,2023-09-15 21:00:00,Sydney,16.83000000000004,16.83000000000004,16.83000000000004,3.64,302,52,1022,8,0,0
739,2023-09-16 00:00:00,Sydney,25.129999999999995,25.129999999999995,25.129999999999995,3.93,289,32,1022,4,0,0
740,2023-09-16 03:00:00,Sydney,27.74000000000001,27.74000000000001,27.74000000000001,1.3,354,29,1019,0,0,0
741,2023-09-16 06:00:00,Sydney,26.650000000000034,26.650000000000034,26.650000000000034,1.54,349,36,1018,0,0,0
742,2023-09-16 09:00:00,Sydney,21.120000000000005,21.120000000000005,21.120000000000005,0.92,356,49,1019,1,0,0
743,2023-09-16 12:00:00,Sydney,19.980000000000018,19.980000000000018,19.980000000000018,2.28,265,46,1020,3,0,0
744,2023-09-16 15:00:00,Sydney,18.25,18.25,18.25,3.11,286,48,1020,3,0,0
745,2023-09-16 18:00:00,Sydney,16.80000000000001,16.80000000000001,16.80000000000001,3.33,278,53,1020,3,0,0
746,2023-09-16 21:00:00,Sydney,17.140000000000043,17.140000000000043,17.140000000000043,3.39,275,53,1022,3,0,0
747,2023-09-17 00:00:00,Sydney,23.83000000000004,23.83000000000004,23.83000000000004,3.45,263,35,1022,1,0,0
748,2023-09-17 03:00:00,Sydney,27.189999999999998,27.189999999999998,27.189999999999998,1.47,335,28,1019,0,0,0
749,2023-09-17 06:00:00,Sydney,24.879999999999995,24.879999999999995,24.879999999999995,3.38,47,39,1018,0,0,0
750,2023-09-17 09:00:00,Sydney,20.230000000000018,20.230000000000018,20.230000000000018,2.09,39,51,1021,0,0,0
751,2023-09-17 12:00:00,Sydney,18.32000000000005,18.32000000000005,18.32000000000005,2.89,360,56,1023,0,0,0
752,2023-09-17 15:00:00,Sydney,17.230000000000018,17.230000000000018,17.230000000000018,2.41,235,57,1022,0,0,0
753,2023-09-17 18:00:00,Sydney,15.890000000000043,15.890000000000043,15.890000000000043,1.31,241,72,1021,0,0,0
754,2023-09-17 21:00:00,Sydney,16.620000000000005,16.620000000000005,16.620000000000005,2.5,304,52,1022,0,0,0
755,2023-09-18 00:00:00,Sydney,23.510000000000048,23.510000000000048,23.510000000000048,2.87,11,37,1021,0,0,0
756,2023-09-18 03:00:00,Sydney,24.480000000000018,24.480000000000018,24.480000000000018,5.11,52,43,1017,0,0,0
757,2023-09-18 06:00:00,Sydney,22.220000000000027,22.220000000000027,22.220000000000027,6.41,49,55,1015,0,0,0
758,2023-09-18 09:00:00,Sydney,18.920000000000016,18.920000000000016,18.920000000000016,5.58,27,67,1016,0,0,0
759,2023-09-18 12:00:00,Sydney,18.410000000000025,18.410000000000025,18.410000000000025,3.07,352,61,1016,0,0,0
760,2023-09-13 15:00:00,Johannesburg,16.650000000000034,16.650000000000034,17.620000000000005,3.92,352,58,1023,0,0,0
761,2023-09-13 18:00:00,Johannesburg,16.5,16.189999999999998,16.5,4.01,359,51,1023,0,0,0
762,2023-09-13 21:00:00,Johannesburg,13.640000000000043,12.129999999999995,13.640000000000043,4.96,5,56,1024,0,0,0
763,2023-09-14 00:00:00,Johannesburg,10.189999999999998,10.189999999999998,10.189999999999998,4.18,348,65,1024,0,0,0
764,2023-09-14 03:00:00,Johannesburg,8.980000000000018,8.980000000000018,8.980000000000018,4.64,351,73,1023,0,0,0
765,2023-09-14 06:00:00,Johannesburg,10.510000000000048,10.510000000000048,10.510000000000048,5.0,344,66,1023,0,0,0
766,2023-09-14 09:00:00,Johannesburg,16.82000000000005,16.82000000000005,16.82000000000005,4.54,333,39,1021,0,0,0
767,2023-09-14 12:00:00,Johannesburg,20.870000000000005,20.870000000000005,20.870000000000005,3.64,306,27,1017,0,0,0
768,2023-09-14 15:00:00,Johannesburg,21.980000000000018,21.980000000000018,21.980000000000018,4.21,292,22,1015,0,0,0
769,2023-09-14 18:00:00,Johannesburg,18.560000000000002,18.560000000000002,18.560000000000002,3.7,334,31,1017,0,0,0
770,2023-09-14 21:00:00,Johannesburg,16.939999999999998,16.939999999999998,16.939999999999998,2.79,327,34,1018,0,0,0
771,2023-09-15 00:00:00,Johannesburg,15.82000000000005,15.82000000000005,15.82000000000005,2.18,327,36,1016,0,0,0
772,2023-09-15 03:00:00,Johannesburg,14.439999999999998,14.439999999999998,14.439999999999998,1.6,270,39,1017,0,0,0
773,2023-09-15 06:00:00,Johannesburg,16.82000000000005,16.82000000000005,16.82000000000005,2.64,283,33,1018,0,0,0
774,2023-09-15 09:00:00,Johannesburg,23.28000000000003,23.28000000000003,23.28000000000003,4.76,289,19,1016,0,0,0
775,2023-09-15 12:00:00,Johannesburg,27.29000000000002,27.29000000000002,27.29000000000002,4.67,270,9,1011,0,0,0
776,2023-09-15 15:00:00,Johannesburg,27.060000000000002,27.060000000000002,27.060000000000002,4.29,257,6,1010,0,0,0
777,2023-09-15 18:00:00,Johannesburg,21.910000000000025,21.910000000000025,21.910000000000025,0.92,284,9,1013,0,0,0
778,2023-09-15 21:00:00,Johannesburg,19.560000000000002,19.560000000000002,19.560000000000002,1.34,264,7,1014,0,0,0
779,2023-09-16 00:00:00,Johannesburg,17.390000000000043,17.390000000000043,17.390000000000043,3.34,233,7,1014,0,0,0
780,2023-09-16 03:00:00,Johannesburg,14.960000000000036,14.960000000000036,14.960000000000036,3.02,203,10,1014,0,0,0
781,2023-09-16 06:00:00,Johannesburg,16.700000000000045,16.700000000000045,16.700000000000045,3.02,200,10,1016,0,0,0
782,2023-09-16 09:00:00,Johannesburg,23.980000000000018,23.980000000000018,23.980000000000018,3.67,253,6,1014,0,0,0
783,2023-09-16 12:00:00,Johannesburg,26.590000000000032,26.590000000000032,26.590000000000032,4.9,242,5,1011,0,0,0
784,2023-09-16 15:00:00,Johannesburg,26.620000000000005,26.620000000000005,26.620000000000005,4.23,241,5,1009,0,0,0
785,2023-09-16 18:00:00,Johannesburg,21.600000000000023,21.600000000000023,21.600000000000023,3.36,205,8,1013,0,0,0
786,2023-09-16 21:00:00,Johannesburg,17.180000000000007,17.180000000000007,17.180000000000007,4.33,192,15,1016,0,0,0
787,2023-09-17 00:00:00,Johannesburg,14.100000000000023,14.100000000000023,14.100000000000023,3.24,175,23,1016,1,0,0
788,2023-09-17 03:00:00,Johannesburg,12.640000000000043,12.640000000000043,12.640000000000043,1.89,160,25,1016,0,0,0
789,2023-09-17 06:00:00,Johannesburg,14.140000000000043,14.140000000000043,14.140000000000043,2.8,123,24,1019,0,0,0
790,2023-09-17 09:00:00,Johannesburg,20.870000000000005,20.870000000000005,20.870000000000005,4.2,18,22,1017,1,0,0
791,2023-09-17 12:00:00,Johannesburg,24.450000000000045,24.450000000000045,24.450000000000045,4.99,352,16,1013,2,0,0
792,2023-09-17 15:00:00,Johannesburg,24.370000000000005,24.370000000000005,24.370000000000005,5.68,312,11,1013,1,0,0
793,2023-09-17 18:00:00,Johannesburg,18.24000000000001,18.24000000000001,18.24000000000001,6.66,15,44,1017,1,0,0
794,2023-09-17 21:00:00,Johannesburg,13.740000000000009,13.740000000000009,13.740000000000009,6.97,8,64,1019,0,0,0
795,2023-09-18 00:00:00,Johannesburg,11.400000000000034,11.400000000000034,11.400000000000034,5.81,13,75,1019,0,0,0
796,2023-09-18 03:00:00,Johannesburg,9.890000000000043,9.890000000000043,9.890000000000043,5.76,14,82,1020,13,0,0
797,2023-09-18 06:00:00,Johannesburg,10.260000000000048,10.260000000000048,10.260000000000048,6.63,5,79,1021,31,0,0
798,2023-09-18 09:00:00,Johannesburg,17.129999999999995,17.129999999999995,17.129999999999995,5.93,353,46,1019,15,0,0
799,2023-09-18 12:00:00,Johannesburg,22.670000000000016,22.670000000000016,22.670000000000016,5.04,338,29,1014,7,0,0
